{
  "id": 10007,
  "type": "monster",
  "name": "Evilswarm Ouroboros",
  "englishAttribute": "dark",
  "localizedAttribute": "DARK",
  "effectText": "3 Level 4 monsters\nOnce per turn: You can detach 1 material from this card, then activate 1 of these effects. Each effect can only be used once while this card is face-up on the field.\n●Target 1 card your opponent controls; return that target to the hand.\n●Send 1 random card from your opponent's hand to the GY.\n●Target 1 card in your opponent's GY; banish that target.",
  "rank": 4,
  "atk": 2750,
  "def": 1950,
  "properties": [
    "Dragon",
    "Xyz",
    "Effect"
  ]
}
