{
  "id": 10039,
  "type": "monster",
  "name": "Rocket Arrow Express",
  "englishAttribute": "earth",
  "localizedAttribute": "EARTH",
  "effectText": "Cannot be Normal Summoned/Set. Must be Special Summoned (from your hand) by controlling no cards, and cannot be Special Summoned by other ways. You cannot conduct your Battle Phase the turn you Special Summon this card. You cannot activate cards or effects, or Set any cards. During each of your Standby Phases, destroy this card unless you send your entire hand to the Graveyard (min.1).",
  "level": 10,
  "atk": 5000,
  "def": 0,
  "properties": [
    "Machine",
    "Effect"
  ]
}
