{
  "id": 10038,
  "type": "monster",
  "name": "Jumbo Drill",
  "englishAttribute": "earth",
  "localizedAttribute": "EARTH",
  "effectText": "When this card is Normal Summoned: You can increase the Levels of all Machine-Type monsters you currently control by 1. If this card attacks a Defense Position monster, inflict piercing Battle Damage to your opponent. If this card attacks, it is changed to Defense Position at the end of the Damage Step.",
  "level": 4,
  "atk": 1800,
  "def": 100,
  "properties": [
    "Machine",
    "Effect"
  ]
}
