{
  "id": 10048,
  "type": "monster",
  "name": "Hieratic Dragon of Sutekh",
  "englishAttribute": "light",
  "localizedAttribute": "LIGHT",
  "effectText": "Cannot be Normal Summoned or Set. Must first be Special Summoned (from your hand) by banishing 3 Dragon-Type Normal Monsters from your Graveyard. Once per turn: You can banish 1 Dragon-Type monster from your Graveyard to target 1 card on the field; destroy that target.",
  "level": 8,
  "atk": 2800,
  "def": 2000,
  "properties": [
    "Dragon",
    "Effect"
  ]
}
