{
  "id": 10057,
  "type": "monster",
  "name": "Lightray Gearfried",
  "englishAttribute": "light",
  "localizedAttribute": "LIGHT",
  "effectText": "Cannot be Normal Summoned/Set. Must be Special Summoned (from your hand) by having 5 or more LIGHT monsters with different names in your Graveyard, and cannot be Special Summoned by other ways. Once per turn, during either player's turn, when a Spell/Trap Card is activated: You can banish 1 Warrior-Type monster from your Graveyard; negate the activation, and if you do, destroy it. All face-up monsters you control must be Warrior-Type to activate and to resolve this effect.",
  "level": 8,
  "atk": 2800,
  "def": 2200,
  "properties": [
    "Warrior",
    "Effect"
  ]
}
