{
  "id": 10129,
  "type": "monster",
  "name": "Number 50: Blackship of Corn",
  "englishAttribute": "dark",
  "localizedAttribute": "DARK",
  "effectText": "2 Level 4 monsters\nOnce per turn: You can detach 1 Xyz Material from this card, then target 1 face-up monster your opponent controls with ATK less than or equal to this card's; send it to the Graveyard, and if you do, inflict 1000 damage to your opponent. This card cannot attack the turn you activate this effect.",
  "rank": 4,
  "atk": 2100,
  "def": 1500,
  "properties": [
    "Plant",
    "Xyz",
    "Effect"
  ]
}
