{
  "id": 10155,
  "type": "monster",
  "name": "Madolche Butlerusk",
  "englishAttribute": "earth",
  "localizedAttribute": "EARTH",
  "effectText": "When this card you control is destroyed by your opponent's card (either by battle or by card effect) and sent to your Graveyard: Shuffle this card into your Deck. When this card is Normal Summoned: You can add 1 Field Spell Card from your Deck to your hand. There must be another face-up \"Madolche\" monster on the field to activate and to resolve this effect.",
  "level": 4,
  "atk": 1500,
  "def": 800,
  "properties": [
    "Spellcaster",
    "Effect"
  ]
}
