{
  "id": 10176,
  "type": "monster",
  "name": "Gear Gigant X",
  "englishAttribute": "earth",
  "localizedAttribute": "EARTH",
  "effectText": "2 Level 4 Machine monsters\nOnce per turn: You can detach 1 material from this card; add 1 Level 4 or lower Machine monster from your Deck or GY to your hand. When this face-up card leaves the field: You can target 1 Level 3 or lower \"Geargia\" monster in your GY; Special Summon that target.",
  "rank": 4,
  "atk": 2300,
  "def": 1500,
  "properties": [
    "Machine",
    "Xyz",
    "Effect"
  ]
}
