{
  "id": 10239,
  "type": "monster",
  "name": "Mermail Abyssturge",
  "englishAttribute": "water",
  "localizedAttribute": "WATER",
  "effectText": "When this card is Normal or Special Summoned: You can discard 1 WATER monster to the Graveyard, then target 1 Level 3 or lower WATER monster in your Graveyard; add that target to your hand. You can only use the effect of \"Mermail Abyssturge\" once per turn.",
  "level": 4,
  "atk": 1700,
  "def": 1100,
  "properties": [
    "Fish",
    "Effect"
  ]
}
