{
  "id": 10325,
  "type": "monster",
  "name": "Amulet Dragon",
  "englishAttribute": "dark",
  "localizedAttribute": "DARK",
  "effectText": "\"Dark Magician\" + 1 Dragon monster\nMust be Fusion Summoned with the above Fusion Materials or with \"The Eye of Timaeus\". If this card is Special Summoned: Target any number of Spells in any GY(s) (min. 1); banish those targets, and if you do, this card gains 100 ATK for each card banished by this effect. If this card is destroyed: You can target 1 Spellcaster monster in your GY; Special Summon that target.",
  "level": 8,
  "atk": 2900,
  "def": 2500,
  "properties": [
    "Dragon",
    "Fusion",
    "Effect"
  ]
}
