{
  "id": 10330,
  "type": "monster",
  "name": "Brotherhood of the Fire Fist - Lion Emperor",
  "englishAttribute": "fire",
  "localizedAttribute": "FIRE",
  "effectText": "2 Level 3 FIRE monsters\nOnce per turn: You can detach 1 material from this card, then target 1 FIRE monster in your GY; add that target to your hand, also you cannot Normal or Special Summon that monster, or a monster with the same name, for the rest of this turn.",
  "rank": 3,
  "atk": 2200,
  "def": 200,
  "properties": [
    "Beast-Warrior",
    "Xyz",
    "Effect"
  ]
}
