{
  "id": 10331,
  "type": "monster",
  "name": "Number 22: Zombiestein",
  "englishAttribute": "dark",
  "localizedAttribute": "DARK",
  "effectText": "2 Level 8 DARK monsters\nMust be Xyz Summoned. Once per turn (Quick Effect): You can detach 1 material from this card and send 1 card from your hand to the GY, then target 1 face-up card your opponent controls; change this card to Defense Position, and if you do, negate that targeted card's effects, until the end of this turn.",
  "rank": 8,
  "atk": 4500,
  "def": 1000,
  "properties": [
    "Zombie",
    "Xyz",
    "Effect"
  ]
}
