{
  "id": 10391,
  "type": "monster",
  "name": "Mermail Abyssdine",
  "englishAttribute": "water",
  "localizedAttribute": "WATER",
  "effectText": "When this card is added from your Deck or Graveyard to your hand by a card effect: You can Special Summon this card from your hand. You must control a \"Mermail\" monster to activate and to resolve this effect. When this card is Special Summoned by the effect of a \"Mermail\" monster: You can target 1 Level 3 or lower \"Mermail\" monster in your Graveyard; Special Summon that target. You can only use 1 \"Mermail Abyssdine\" effect per turn, and only once that turn.",
  "level": 3,
  "atk": 1000,
  "def": 200,
  "properties": [
    "Aqua",
    "Effect"
  ]
}
