{
  "id": 10406,
  "type": "monster",
  "name": "ZW - Leo Arms",
  "englishAttribute": "light",
  "localizedAttribute": "LIGHT",
  "effectText": "2 Level 5 monsters\nCannot attack directly. Once per turn: You can detach 1 material from this card; add 1 \"ZW -\" monster from your Deck to your hand. You can target 1 \"Utopia\" monster you control; equip this monster on the field to that target. It gains 3000 ATK. During your Battle Phase, if the equipped monster attacked this turn: You can send this Equip Card to the GY; the equipped monster can make a second attack on an opponent's monster during this Battle Phase.",
  "rank": 5,
  "atk": 3000,
  "def": 1200,
  "properties": [
    "Beast",
    "Xyz",
    "Effect"
  ]
}
