{
  "id": 10452,
  "type": "monster",
  "name": "Ancient Pixie Dragon",
  "englishAttribute": "dark",
  "localizedAttribute": "DARK",
  "effectText": "1 Tuner + 1 or more non-Tuner monsters\nAfter resolving a Field Spell Card that was activated during your turn: Draw 1 card. You can only use this effect of \"Ancient Pixie Dragon\" once per turn. Once per turn: You can target 1 face-up Attack Position monster on the field; destroy that target. There must be a face-up Field Spell Card on the field to activate and to resolve this effect.",
  "level": 7,
  "atk": 2100,
  "def": 3000,
  "properties": [
    "Dragon",
    "Synchro",
    "Effect"
  ]
}
