{
  "id": 10502,
  "type": "monster",
  "name": "Mecha Phantom Beast Megaraptor",
  "englishAttribute": "wind",
  "localizedAttribute": "WIND",
  "effectText": "When a Token(s) is Special Summoned to your side of the field: Special Summon 1 \"Mecha Phantom Beast Token\" (Machine-Type/WIND/Level 3/ATK 0/DEF 0). You can only use this effect of \"Mecha Phantom Beast Megaraptor\" once per turn. This card's Level is increased by the total Levels of all \"Mecha Phantom Beast Tokens\" you control. While you control a Token, this card cannot be destroyed by battle or card effects. Once per turn: You can Tribute 1 Token; add 1 \"Mecha Phantom Beast\" monster from your Deck to your hand.",
  "level": 4,
  "atk": 1900,
  "def": 1000,
  "properties": [
    "Machine",
    "Effect"
  ]
}
