{
  "id": 10643,
  "type": "monster",
  "name": "Yellow Duston",
  "englishAttribute": "earth",
  "localizedAttribute": "EARTH",
  "effectText": "Cannot be used as a Fusion, Synchro, or Xyz Material for a Summon. While this card is face-up on the field, it cannot be Tributed. When this card on the field is destroyed: The controller targets 1 monster in their Graveyard; shuffle that target into the Deck. You can only control 1 face-up \"Yellow Duston\".",
  "level": 1,
  "atk": 0,
  "def": 1000,
  "properties": [
    "Fiend",
    "Effect"
  ]
}
