{
  "id": 10717,
  "type": "monster",
  "name": "CXyz Battleship Cherry Blossom",
  "englishAttribute": "earth",
  "localizedAttribute": "EARTH",
  "effectText": "4 Level 4 monsters\nOnce per turn, during your opponent's End Phase, if your opponent has more cards in their hand than you do: They discard 1 card. If this card has \"Battlecruiser Dianthus\" as an Xyz Material, it gains this effect.\n●You can detach 1 Xyz Material from this card; inflict 300 damage to your opponent for each card on the field. You can only use this effect of \"CXyz Battleship Cherry Blossom\" once per turn.",
  "rank": 4,
  "atk": 2400,
  "def": 2000,
  "properties": [
    "Plant",
    "Xyz",
    "Effect"
  ]
}
