{
  "id": 10848,
  "type": "monster",
  "name": "Ascension Sky Dragon",
  "englishAttribute": "light",
  "localizedAttribute": "LIGHT",
  "effectText": "1 Tuner + 1+ non-Tuner monsters\nIf this card is Synchro Summoned: It gains 800 ATK for each card currently in your hand. When this card you control is destroyed by your opponent's card and sent to your GY, if all of the monsters that were used for the Synchro Summon of this card are in your GY: You can Special Summon all of them, but their effects are negated. You can only use this effect of \"Ascension Sky Dragon\" once per turn.",
  "level": 10,
  "atk": -1,
  "def": 3000,
  "properties": [
    "Dragon",
    "Synchro",
    "Effect"
  ]
}
