{
  "id": 10843,
  "type": "monster",
  "name": "Number 72: Shogi Rook",
  "englishAttribute": "earth",
  "localizedAttribute": "EARTH",
  "effectText": "2 Level 6 monsters\nOnce per turn: You can detach 2 materials from this card, then target 1 face-up monster your opponent controls and 1 Set Spell/Trap your opponent controls; destroy them, also any battle damage your opponent takes is halved for the rest of this turn.",
  "rank": 6,
  "atk": 2500,
  "def": 1200,
  "properties": [
    "Beast-Warrior",
    "Xyz",
    "Effect"
  ]
}
