{
  "id": 10874,
  "type": "monster",
  "name": "Archfiend Giant",
  "englishAttribute": "dark",
  "localizedAttribute": "DARK",
  "effectText": "If this face-up card on the field would be destroyed by a card effect, you can pay 500 LP instead. This effect can only be used once while this card is face-up on the field. If this card is destroyed by a card effect and sent to the Graveyard: You can Special Summon 1 \"Archfiend\" monster from your hand.",
  "level": 6,
  "atk": 2400,
  "def": 1600,
  "properties": [
    "Fiend",
    "Effect"
  ]
}
