{
  "id": 10902,
  "type": "monster",
  "name": "Sylvan Komushroomo",
  "englishAttribute": "fire",
  "localizedAttribute": "FIRE",
  "effectText": "When this card is flipped face-up: You can choose a number from 1 to 5, then excavate that many cards from the top of your Deck, send any excavated Plant-Type monsters to the Graveyard, also place the other cards on the bottom of your Deck in any order. If this card is excavated from the Deck and sent to the Graveyard by a card effect: You can target 1 Spell/Trap Card on the field; destroy that target.",
  "level": 2,
  "atk": 100,
  "def": 2000,
  "properties": [
    "Plant",
    "Effect"
  ]
}
