{
  "id": 10916,
  "type": "monster",
  "name": "Bujingi Hare",
  "englishAttribute": "light",
  "localizedAttribute": "LIGHT",
  "effectText": "During either player's turn: You can banish this card from your Graveyard, then target 1 Beast-Warrior-Type \"Bujin\" monster you control; once during this turn, it cannot be destroyed by battle or by card effects. You can only use the effect of \"Bujingi Hare\" once per turn.",
  "level": 4,
  "atk": 1700,
  "def": 500,
  "properties": [
    "Beast",
    "Effect"
  ]
}
