{
  "id": 10927,
  "type": "monster",
  "name": "Sirenorca",
  "englishAttribute": "water",
  "localizedAttribute": "WATER",
  "effectText": "If you control both Fish and Winged Beast-Type monsters, you can Special Summon this card (from your hand). When you do: You can declare a Level from 3 to 5; the Levels of all monsters you currently control become the declared Level. If you activate this effect, monsters you control cannot activate their effects for the rest of this turn, except WATER monsters.",
  "level": 5,
  "atk": 2200,
  "def": 1000,
  "properties": [
    "Winged Beast",
    "Effect"
  ]
}
