{
  "id": 10975,
  "type": "monster",
  "name": "Number 18: Heraldry Patriarch",
  "englishAttribute": "light",
  "localizedAttribute": "LIGHT",
  "effectText": "2 Level 4 monsters\nOnce per Chain, during either player's turn, if 2 or more monsters with the same name are on the field: You can detach 1 Xyz Material from this card; choose 1 monster among those with the same name, and destroy all other monsters with that name. While this card remains face-up on the field, your opponent cannot Summon monsters with the same name as any of the monster(s) chosen for this card's effect. If this card is sent to the Graveyard: You can send 2 \"Heraldic Beast\" monsters from your Deck to the Graveyard.",
  "rank": 4,
  "atk": 2200,
  "def": 2200,
  "properties": [
    "Psychic",
    "Xyz",
    "Effect"
  ]
}
