{
  "id": 11009,
  "type": "monster",
  "name": "Silent Wobby",
  "englishAttribute": "water",
  "localizedAttribute": "WATER",
  "effectText": "During your Main Phase: You can Special Summon this card from your hand to your opponent's side of the field. When Summoned this way: Draw 1 card, and if you do, your opponent gains 2000 Life Points. You can only use this effect of \"Silent Wobby\" once per turn. The hand size limit of this card's controller becomes 3.",
  "level": 4,
  "atk": 1000,
  "def": 2000,
  "properties": [
    "Fish",
    "Effect"
  ]
}
