{
  "id": 11036,
  "type": "monster",
  "name": "Blizzard Thunderbird",
  "englishAttribute": "water",
  "localizedAttribute": "WATER",
  "effectText": "You can discard 1 card; Special Summon 2 WATER Winged Beast-Type monsters, 1 from your hand and 1 from your Graveyard, except \"Blizzard Thunderbird\", then return this card from the field to the hand. You can only use this effect of \"Blizzard Thunderbird\" once per turn.",
  "level": 4,
  "atk": 1600,
  "def": 1400,
  "properties": [
    "Winged Beast",
    "Effect"
  ]
}
