{
  "id": 11041,
  "type": "monster",
  "name": "Artifact Beagalltach",
  "englishAttribute": "light",
  "localizedAttribute": "LIGHT",
  "effectText": "You can Set this card from your hand to your Spell & Trap Zone as a Spell Card. During your opponent's turn, if this Set card in the Spell & Trap Zone is destroyed and sent to your Graveyard: Special Summon it. If this card is Special Summoned during your opponent's turn: Destroy up to 2 Set cards you control (min. 1). You can only use this effect of \"Artifact Beagalltach\" once per turn.",
  "level": 5,
  "atk": 1400,
  "def": 2100,
  "properties": [
    "Fairy",
    "Effect"
  ]
}
