{
  "id": 11169,
  "type": "monster",
  "name": "Ra's Disciple",
  "englishAttribute": "light",
  "localizedAttribute": "LIGHT",
  "effectText": "When this card is Summoned: You can Special Summon up to 2 \"Ra's Disciple\" from your hand and/or Deck. Cannot be Tributed, except for the Tribute Summon of \"Slifer the Sky Dragon\", \"Obelisk the Tormentor\", or \"The Winged Dragon of Ra\". You cannot Special Summon monsters, except by the effect of \"Ra's Disciple\".",
  "level": 4,
  "atk": 1100,
  "def": 600,
  "properties": [
    "Fairy",
    "Effect"
  ]
}
