{
  "id": 11172,
  "type": "monster",
  "name": "Blackwing - Oroshi the Squall",
  "englishAttribute": "dark",
  "localizedAttribute": "DARK",
  "effectText": "If you control a \"Blackwing\" monster other than \"Blackwing - Oroshi the Squall\", you can Special Summon this card (from your hand). You can only Special Summon \"Blackwing - Oroshi the Squall\" once per turn this way. If this card is sent to the GY as a Synchro Material: You can target 1 monster on the field; change that target's battle position.",
  "level": 1,
  "atk": 400,
  "def": 600,
  "properties": [
    "Winged Beast",
    "Tuner",
    "Effect"
  ]
}
