{
  "id": 11233,
  "type": "monster",
  "name": "Shaddoll Hedgehog",
  "englishAttribute": "dark",
  "localizedAttribute": "DARK",
  "effectText": "FLIP: You can add 1 \"Shaddoll\" Spell/Trap from your Deck to your hand.\nIf this card is sent to the GY by a card effect: You can add 1 \"Shaddoll\" monster from your Deck to your hand, except \"Shaddoll Hedgehog\". You can only use 1 \"Shaddoll Hedgehog\" effect per turn, and only once that turn.",
  "level": 3,
  "atk": 800,
  "def": 200,
  "properties": [
    "Spellcaster",
    "Flip",
    "Effect"
  ]
}
