{
  "id": 11237,
  "type": "monster",
  "name": "Suanni, Fire of the Yang Zing",
  "englishAttribute": "fire",
  "localizedAttribute": "FIRE",
  "effectText": "When this card you control is destroyed by battle or card effect and sent to your Graveyard: You can Special Summon 1 \"Yang Zing\" monster from your Deck in Defense Position, except \"Suanni, Fire of the Yang Zing\". You can only use this effect of \"Suanni, Fire of the Yang Zing\" once per turn. Once per turn, during your opponent's Main Phase or Battle Phase, you can: Immediately after this effect resolves, Synchro Summon 1 Synchro Monster, using only \"Yang Zing\" monsters you control (this is a Quick Effect). A Synchro Monster that used this card as a Synchro Material gains 500 ATK and DEF.",
  "level": 4,
  "atk": 1900,
  "def": 0,
  "properties": [
    "Wyrm",
    "Effect"
  ]
}
