{
  "id": 11259,
  "type": "monster",
  "name": "Saffira, Queen of Dragons",
  "englishAttribute": "light",
  "localizedAttribute": "LIGHT",
  "effectText": "You can Ritual Summon this card with \"Hymn of Light\". During the End Phase, if this card was Ritual Summoned this turn, or if a LIGHT monster was sent from the hand or Deck to the GY this turn while this card was face-up on the field: You can activate 1 of these effects;\n●Draw 2 cards, then discard 1 card.\n●Discard 1 random card from your opponent's hand.\n●Add 1 LIGHT monster from your GY to your hand.\nYou can only use this effect of \"Saffira, Queen of Dragons\" once per turn.",
  "level": 6,
  "atk": 2500,
  "def": 2400,
  "properties": [
    "Dragon",
    "Ritual",
    "Effect"
  ]
}
