{
  "id": 11295,
  "type": "monster",
  "name": "Numeral Hunter",
  "englishAttribute": "light",
  "localizedAttribute": "LIGHT",
  "effectText": "If this card is Summoned: Return all \"Number\" Xyz Monsters on the field to the Extra Deck. Neither player can Special Summon \"Number\" Xyz Monsters. Cannot be destroyed by battle with an Xyz Monster. This card is unaffected by the effects of Xyz Monsters.",
  "level": 4,
  "atk": 1600,
  "def": 1400,
  "properties": [
    "Warrior",
    "Effect"
  ]
}
