{
  "id": 11383,
  "type": "monster",
  "name": "Yazi, Evil of the Yang Zing",
  "englishAttribute": "dark",
  "localizedAttribute": "DARK",
  "effectText": "1 Tuner + 1+ non-Tuner monsters\nYour opponent cannot target this card on the field with card effects. You can only use each of these effects of \"Yazi, Evil of the Yang Zing\" once per turn.\n●You can target 1 \"Yang Zing\" monster you control and 1 card your opponent controls; destroy them.\n●When this card you control is destroyed by battle or card effect and sent to your GY: You can Special Summon 1 Wyrm monster from your Deck in Defense Position.",
  "level": 7,
  "atk": 2600,
  "def": 2100,
  "properties": [
    "Wyrm",
    "Synchro",
    "Effect"
  ]
}
