{
  "id": 11415,
  "type": "monster",
  "name": "Gagaga Mancer",
  "englishAttribute": "dark",
  "localizedAttribute": "DARK",
  "effectText": "Once per turn: You can target 1 \"Gagaga\" monster in your Graveyard, except \"Gagaga Mancer\"; Special Summon it, also you cannot Special Summon monsters for the rest of this turn, except \"Gagaga\" monsters. If this card is detached from an Xyz Monster and sent to the Graveyard to activate that monster's effect: You can target 1 face-up Xyz Monster you control; it gains 500 ATK until the end of this turn.",
  "level": 4,
  "atk": 100,
  "def": 100,
  "properties": [
    "Spellcaster",
    "Effect"
  ]
}
