{
  "id": 11459,
  "type": "monster",
  "name": "Number 23: Lancelot, Dark Knight of the Underworld",
  "englishAttribute": "dark",
  "localizedAttribute": "DARK",
  "effectText": "2 Level 8 monsters\nThis card can attack your opponent directly while it has Xyz Material. When this card inflicts battle damage to your opponent: You can target 1 face-up monster your opponent controls; destroy it. Once per turn, during either player's turn, when a Spell/Trap Card, or another monster's effect, is activated: Detach 1 Xyz Material from this card; negate the activation.",
  "rank": 8,
  "atk": 2000,
  "def": 1500,
  "properties": [
    "Zombie",
    "Xyz",
    "Effect"
  ]
}
