{
  "id": 11484,
  "type": "monster",
  "name": "Nekroz of Brionac",
  "englishAttribute": "water",
  "localizedAttribute": "WATER",
  "effectText": "You can Ritual Summon this card with any \"Nekroz\" Ritual Spell. Must be Ritual Summoned, without using \"Nekroz of Brionac\". You can only use each of these effects of \"Nekroz of Brionac\" once per turn.\n●You can discard this card; add 1 \"Nekroz\" monster from your Deck to your hand, except \"Nekroz of Brionac\".\n●You can target up to 2 face-up monsters on the field that were Special Summoned from the Extra Deck; shuffle them into the Deck.",
  "level": 6,
  "atk": 2300,
  "def": 1400,
  "properties": [
    "Warrior",
    "Ritual",
    "Effect"
  ]
}
