{
  "id": 11497,
  "type": "monster",
  "name": "Spiritual Beast Cannahawk",
  "englishAttribute": "wind",
  "localizedAttribute": "WIND",
  "effectText": "Once per turn: You can banish 1 \"Ritual Beast\" card from your Deck, face-up. During your second Standby Phase after this effect's activation, add the card banished by this effect to your hand. You can only Special Summon \"Spiritual Beast Cannahawk(s)\" once per turn.",
  "level": 4,
  "atk": 1400,
  "def": 600,
  "properties": [
    "Thunder",
    "Effect"
  ]
}
