{
  "id": 11515,
  "type": "monster",
  "name": "Heavy Knight of the Flame",
  "englishAttribute": "fire",
  "localizedAttribute": "FIRE",
  "effectText": "This card is treated as a Normal Monster while face-up on the field or in the GY. While this card is a Normal Monster on the field, you can Normal Summon it to have it become an Effect Monster with this effect.\n●At the start of the Damage Step, if this card attacked a Special Summoned monster: You can banish that monster.",
  "level": 4,
  "atk": 1800,
  "def": 200,
  "properties": [
    "Zombie",
    "Gemini",
    "Effect"
  ]
}
