{
  "id": 11558,
  "type": "monster",
  "name": "Dragon Dowser",
  "englishAttribute": "earth",
  "localizedAttribute": "EARTH",
  "effectText": "When this card is destroyed by battle and sent to the Graveyard, or when this card you control is destroyed by an opponent's card effect and sent to your Graveyard: You can Special Summon 1 EARTH Pendulum Monster from your Deck in Defense Position, but destroy it during the End Phase. You can only use this effect of \"Dragon Dowser\" once per turn.",
  "level": 4,
  "atk": 1500,
  "def": 1500,
  "properties": [
    "Wyrm",
    "Effect"
  ]
}
