{
  "id": 11579,
  "type": "spell",
  "name": "Nephe Shaddoll Fusion",
  "englishAttribute": "spell",
  "localizedAttribute": "SPELL",
  "effectText": "Activate this card by declaring 1 Attribute. Equip only to a \"Shaddoll\" monster, and it becomes that Attribute. During your Main Phase: You can Fusion Summon 1 \"Shaddoll\" Fusion Monster from your Extra Deck, using monsters from your hand or field as Fusion Material, including the equipped monster. You can only use this effect of \"Nephe Shaddoll Fusion\" once per turn.",
  "englishProperty": "equip",
  "localizedProperty": "Equip"
}
