{
  "id": 11671,
  "type": "spell",
  "name": "Symbol of Friendship",
  "englishAttribute": "spell",
  "localizedAttribute": "SPELL",
  "effectText": "To activate this card, you must draw it for your normal draw in your Draw Phase while your opponent controls 3 or more monsters and you control no cards, reveal it, and keep it revealed until the Main Phase 1. During your Main Phase 1 that same turn: You can activate this card from your hand; reveal 1 card from your Deck, and add it to your hand."
}
