{
  "id": 11702,
  "type": "monster",
  "name": "Zefraxa, Flame Beast of the Nekroz",
  "englishAttribute": "fire",
  "localizedAttribute": "FIRE",
  "effectText": "While this card is in your hand or Graveyard, if a face-up \"Nekroz\" or \"Zefra\" card(s), except \"Zefraxa, Flame Beast of the Nekroz\", is destroyed by battle or card effect while in your Monster Zone or Pendulum Zone: You can Special Summon this card. You can only use this effect of \"Zefraxa, Flame Beast of the Nekroz\" once per turn.",
  "pendEffect": "You cannot Pendulum Summon monsters, except \"Nekroz\" and \"Zefra\" monsters. This effect cannot be negated.",
  "pendScale": 7,
  "level": 5,
  "atk": 2000,
  "def": 1000,
  "properties": [
    "Dragon",
    "Pendulum",
    "Effect"
  ]
}
