{
  "id": 11722,
  "type": "monster",
  "name": "Chaofeng, Phantom of the Yang Zing",
  "englishAttribute": "light",
  "localizedAttribute": "LIGHT",
  "effectText": "1 Tuner + 1+ non-Tuner monsters\nWhile this Synchro Summoned card is on the field, your opponent cannot activate effects of monsters with the same original Attribute(s) as the \"Yang Zing\" monster(s) used for the Synchro Summon of this card. When this Synchro Summoned card is destroyed by battle or card effect and sent to the GY: You can add 1 Tuner from your Deck to your hand. Once per turn, when a monster(s) your opponent controls is destroyed by battle or card effect: You can Special Summon 1 Wyrm monster from your Deck, in Defense Position, whose original Attribute matches the original Attribute that 1 of those destroyed monsters had on the field.",
  "level": 9,
  "atk": 2800,
  "def": 2200,
  "properties": [
    "Wyrm",
    "Synchro",
    "Effect"
  ]
}
