{
  "id": 11765,
  "type": "monster",
  "name": "Cyber Dragon Infinity",
  "englishAttribute": "light",
  "localizedAttribute": "LIGHT",
  "effectText": "3 Level 6 LIGHT Machine monsters\nOnce per turn, you can also Xyz Summon \"Cyber Dragon Infinity\" by using \"Cyber Dragon Nova\" you control as material. (Transfer its materials to this card.) Gains 200 ATK for each material attached to it. Once per turn: You can target 1 face-up Attack Position monster on the field; attach it to this card as material. Once per turn, when a card or effect is activated (Quick Effect): You can detach 1 material from this card; negate the activation, and if you do, destroy it.",
  "rank": 6,
  "atk": 2100,
  "def": 1600,
  "properties": [
    "Machine",
    "Xyz",
    "Effect"
  ]
}
