{
  "id": 11775,
  "type": "spell",
  "name": "The Terminus of the Burning Abyss",
  "englishAttribute": "spell",
  "localizedAttribute": "SPELL",
  "effectText": "Fusion Summon 1 \"Burning Abyss\" Fusion Monster from your Extra Deck, using monsters from your hand or field as Fusion Materials. During your Main Phase, except the turn this card was sent to the Graveyard: You can banish this card from your Graveyard, then target 1 \"Burning Abyss\" monster on the field; it gains 800 ATK and DEF until the end of your opponent's next turn."
}
