{
  "id": 11786,
  "type": "monster",
  "name": "Risebell the Summoner",
  "englishAttribute": "wind",
  "localizedAttribute": "WIND",
  "effectText": "A kindly elder brother, Risebell takes good care of his little sister Saambell. He reads a Magical Book with his sister each early-afternoon, a harmonious routine that brings a smile to everyone.",
  "pendEffect": "Once per turn: You can target 1 face-up monster on the field; increase its Level by 1 (even if this card leaves the field).",
  "pendScale": 2,
  "level": 3,
  "atk": 800,
  "def": 800,
  "properties": [
    "Psychic",
    "Pendulum",
    "Normal"
  ]
}
