{
  "id": 11797,
  "type": "monster",
  "name": "Raidraptor - Fuzzy Lanius",
  "englishAttribute": "dark",
  "localizedAttribute": "DARK",
  "effectText": "If you control a \"Raidraptor\" monster other than \"Raidraptor - Fuzzy Lanius\": You can Special Summon this card from your hand. If this card is sent to the Graveyard: You can add 1 \"Raidraptor - Fuzzy Lanius\" from your Deck to your hand. You can only use each effect of \"Raidraptor - Fuzzy Lanius\" once per turn. You cannot Special Summon monsters the turn you activate either of this card's effects, except \"Raidraptor\" monsters.",
  "level": 4,
  "atk": 500,
  "def": 1500,
  "properties": [
    "Winged Beast",
    "Effect"
  ]
}
