{
  "id": 11792,
  "type": "monster",
  "name": "Opera the Melodious Diva",
  "englishAttribute": "light",
  "localizedAttribute": "LIGHT",
  "effectText": "Cannot attack the turn it is Normal Summoned or flipped face-up. If this card is sent to the Graveyard as a Fusion Material for a Fusion Summon: You can activate this effect; for the rest of this turn, \"Melodious\" monsters you control cannot be destroyed by battle or card effects.",
  "level": 4,
  "atk": 2300,
  "def": 1000,
  "properties": [
    "Fairy",
    "Effect"
  ]
}
