{
  "id": 11800,
  "type": "monster",
  "name": "Performage Flame Eater",
  "englishAttribute": "fire",
  "localizedAttribute": "FIRE",
  "effectText": "During either player's turn, when a card or effect is activated that would inflict damage to you: You can activate this effect; you cannot Special Summon monsters for the rest of this turn, except \"Performage\" monsters, also Special Summon this card from your hand, and if you do, make that effect damage to you 0. If Summoned this way, banish it when it leaves the field. If this card is Normal or Special Summoned: Each player takes 500 damage.",
  "level": 4,
  "atk": 1200,
  "def": 1600,
  "properties": [
    "Spellcaster",
    "Effect"
  ]
}
