{
  "id": 11891,
  "type": "monster",
  "name": "Red-Eyes Black Dragon Sword",
  "englishAttribute": "dark",
  "localizedAttribute": "DARK",
  "effectText": "Must be Special Summoned with \"The Claw of Hermos\", using a Dragon monster. If this card is Special Summoned: Target 1 other face-up monster on the field; equip this card to it. It gains 1000 ATK, and 500 ATK/DEF for each Dragon monster on the field and in the GYs.",
  "level": 7,
  "atk": 2400,
  "def": 2000,
  "properties": [
    "Dragon",
    "Fusion",
    "Effect"
  ]
}
