{
  "id": 11913,
  "type": "spell",
  "name": "Prediction Ritual",
  "englishAttribute": "spell",
  "localizedAttribute": "SPELL",
  "effectText": "This card is used to Ritual Summon \"Prediction Princess Tarotrei\". You must also Tribute monsters from your hand or field whose total Levels equal 9 or more. During your Main Phase, except the turn this card was sent to the GY: You can banish this card from your GY; add 1 \"Prediction Princess\" monster from your Deck to your hand.",
  "englishProperty": "ritual",
  "localizedProperty": "Ritual"
}
