{
  "id": 11964,
  "type": "monster",
  "name": "Sphere Kuriboh",
  "englishAttribute": "dark",
  "localizedAttribute": "DARK",
  "effectText": "When an opponent's monster declares an attack: You can send this card from your hand to the GY; change the attacking monster to Defense Position. When you Ritual Summon, you can banish this card from your GY as 1 of the monsters required for the Ritual Summon.",
  "level": 1,
  "atk": 300,
  "def": 200,
  "properties": [
    "Fiend",
    "Effect"
  ]
}
