{
  "id": 11969,
  "type": "monster",
  "name": "Majespecter Cat - Nekomata",
  "englishAttribute": "wind",
  "localizedAttribute": "WIND",
  "effectText": "When this card is Normal or Special Summoned: You can add 1 \"Majespecter\" card from your Deck to your hand during the End Phase of this turn. You can only use this effect of \"Majespecter Cat - Nekomata\" once per turn. Cannot be targeted or destroyed by your opponent's card effects.",
  "pendScale": 2,
  "level": 3,
  "atk": 100,
  "def": 1800,
  "properties": [
    "Spellcaster",
    "Pendulum",
    "Effect"
  ]
}
