{
  "id": 12065,
  "type": "monster",
  "name": "Red Wyvern",
  "englishAttribute": "fire",
  "localizedAttribute": "FIRE",
  "effectText": "1 Tuner + 1 or more non-Tuner monsters\nDuring either player's turn, if a monster with higher ATK than this Synchro Summoned card is on the field: You can destroy the 1 face-up monster on the field that has the highest ATK (your choice, if tied). This effect can only be used once while this card is face-up on the field.",
  "level": 6,
  "atk": 2400,
  "def": 2000,
  "properties": [
    "Dragon",
    "Synchro",
    "Effect"
  ]
}
