{
  "id": 12108,
  "type": "monster",
  "name": "Beatrice, Lady of the Eternal",
  "englishAttribute": "light",
  "localizedAttribute": "LIGHT",
  "effectText": "2 Level 6 monsters\nYou can also Xyz Summon this card by sending 1 \"Burning Abyss\" monster from your hand to the GY, then using 1 \"Dante\" monster you control as material. (Transfer its materials to this card.) If Summoned this way, the following effect cannot be activated this turn. Once per turn (Quick Effect): You can detach 1 material from this card; send 1 card from your Deck to the GY. If this card in your possession is destroyed by your opponent's card and sent to your GY: You can Special Summon 1 \"Burning Abyss\" monster from your Extra Deck, ignoring its Summoning conditions.",
  "rank": 6,
  "atk": 2500,
  "def": 2800,
  "properties": [
    "Fairy",
    "Xyz",
    "Effect"
  ]
}
