{
  "id": 12126,
  "type": "monster",
  "name": "Buster Blader, the Destruction Swordmaster",
  "englishAttribute": "earth",
  "localizedAttribute": "EARTH",
  "effectText": "This card's name becomes \"Buster Blader\" while on the field or in the GY. If a monster(s) your opponent controls is destroyed by battle or card effect and sent to the GY: You can target 1 of those destroyed monsters; equip it to this card. Once per turn: You can send 1 Monster Card you control that is equipped to this card to the GY; destroy all monsters your opponent controls with the same Type as that monster sent to the GY.",
  "level": 7,
  "atk": 2600,
  "def": 2300,
  "properties": [
    "Warrior",
    "Effect"
  ]
}
