{
  "id": 12143,
  "type": "monster",
  "name": "Dark Doriado",
  "englishAttribute": "dark",
  "localizedAttribute": "DARK",
  "effectText": "If this card is Normal or Special Summoned: You can choose 4 monsters from your Deck (1 EARTH, 1 WATER, 1 FIRE, and 1 WIND), then place them on top of the Deck in any order.",
  "pendEffect": "All EARTH, WATER, FIRE, and WIND monsters you control gain 200 ATK/DEF for every different Attribute among the monsters you control.",
  "pendScale": 5,
  "level": 4,
  "atk": 1800,
  "def": 1400,
  "properties": [
    "Spellcaster",
    "Pendulum",
    "Effect"
  ]
}
