{
  "id": 12151,
  "type": "monster",
  "name": "Odd-Eyes Gravity Dragon",
  "englishAttribute": "earth",
  "localizedAttribute": "EARTH",
  "effectText": "You can Ritual Summon this card with \"Odd-Eyes Advent\". When this card is Special Summoned: You can return all Spells and Traps your opponent controls to the hand. Your opponent cannot activate cards or effects in response to this effect's activation. You can only use this effect of \"Odd-Eyes Gravity Dragon\" once per turn. Your opponent must pay 500 LP to activate card effects.",
  "level": 7,
  "atk": 2800,
  "def": 2500,
  "properties": [
    "Dragon",
    "Ritual",
    "Effect"
  ]
}
