{
  "id": 12203,
  "type": "monster",
  "name": "The Phantom Knights of Break Sword",
  "englishAttribute": "dark",
  "localizedAttribute": "DARK",
  "effectText": "2 Level 3 monsters\nOnce per turn: You can detach 1 material from this card, then target 1 card you control and 1 card your opponent controls; destroy them. If this Xyz Summoned card is destroyed: You can target 2 \"The Phantom Knights\" monsters with the same Level in your GY; Special Summon them and increase their Levels by 1, also you cannot Special Summon for the rest of this turn, except DARK monsters.",
  "rank": 3,
  "atk": 2000,
  "def": 1000,
  "properties": [
    "Warrior",
    "Xyz",
    "Effect"
  ]
}
