{
  "id": 12259,
  "type": "monster",
  "name": "Number 37: Hope Woven Dragon Spider Shark",
  "englishAttribute": "water",
  "localizedAttribute": "WATER",
  "effectText": "2 Level 4 WATER monsters\nWhen any player's monster declares an attack: You can detach 1 Xyz Material from this card; all monsters your opponent currently controls lose 1000 ATK until the end of this turn. When this card is destroyed by battle or card effect and sent to the Graveyard: You can target 1 other monster in your Graveyard; Special Summon it. You can only use each effect of \"Number 37: Hope Woven Dragon Spider Shark\" once per turn.",
  "rank": 4,
  "atk": 2600,
  "def": 2100,
  "properties": [
    "Sea Serpent",
    "Xyz",
    "Effect"
  ]
}
