{
  "id": 12265,
  "type": "spell",
  "name": "Tsukumo Slash",
  "englishAttribute": "spell",
  "localizedAttribute": "SPELL",
  "effectText": "If a monster you control attacks a monster whose ATK is higher than itself during damage calculation: Your battling monster gains ATK equal to the difference between your LP and your opponent's, during that damage calculation only. You can only activate 1 \"Tsukumo Slash\" per turn.",
  "englishProperty": "quickplay",
  "localizedProperty": "Quick-Play"
}
