{
  "id": 12327,
  "type": "monster",
  "name": "Digital Bug Corebage",
  "englishAttribute": "light",
  "localizedAttribute": "LIGHT",
  "effectText": "2 or more Level 5 LIGHT Insect-Type monsters\nYou can also Xyz Summon this card by detaching 2 Xyz Materials from a Rank 3 or 4 Insect-Type Xyz Monster you control, then using that Xyz Monster as the Xyz Material. (Xyz Materials attached to that monster also become Xyz Materials on this card.) Once per turn: You can detach 1 Xyz Material from this card, then target 1 Defense Position monster your opponent controls; shuffle it into the Deck. Once per turn, if the battle position of a monster(s) on the field is changed (except during the Damage Step): You can attach 1 Insect-Type monster from your Graveyard to this card as Xyz Material.",
  "rank": 5,
  "atk": 2200,
  "def": 1800,
  "properties": [
    "Insect",
    "Xyz",
    "Effect"
  ]
}
