{
  "id": 12357,
  "type": "monster",
  "name": "Palladium Oracle Mahad",
  "englishAttribute": "light",
  "localizedAttribute": "LIGHT",
  "effectText": "When you draw this card: You can reveal this card; Special Summon it from your hand. If this card battles a DARK monster, its ATK is doubled during the Damage Step only. If this card is destroyed by battle or card effect: You can Special Summon 1 \"Dark Magician\" from your hand, Deck, or GY.",
  "level": 7,
  "atk": 2500,
  "def": 2100,
  "properties": [
    "Spellcaster",
    "Effect"
  ]
}
