{
  "id": 12361,
  "type": "monster",
  "name": "Paladin of Felgrand",
  "englishAttribute": "light",
  "localizedAttribute": "LIGHT",
  "effectText": "If this card is Normal or Special Summoned: You can equip 1 Level 7 or 8 Dragon monster from your hand or Deck to this card. This card is unaffected by other monsters' effects, while equipped with an Equip Card. You can Tribute 1 monster and this card, then target 1 Level 7 or 8 Dragon monster in your GY; Special Summon it.",
  "level": 4,
  "atk": 1700,
  "def": 300,
  "properties": [
    "Warrior",
    "Effect"
  ]
}
