{
  "id": 12372,
  "type": "monster",
  "name": "Performapal King Bear",
  "englishAttribute": "earth",
  "localizedAttribute": "EARTH",
  "effectText": "Cannot be destroyed by Spell/Trap effects while in face-up Attack Position. This card gains 100 ATK for each \"Performapal\" card you control, during your Battle Phase only.",
  "pendEffect": "Once per turn, during the End Phase, if this card was activated this turn: You can destroy this card, and if you do, add 1 Level 7 or higher monster to your hand, that is either in your Graveyard or face-up in your Extra Deck.",
  "pendScale": 7,
  "level": 6,
  "atk": 2200,
  "def": 1000,
  "properties": [
    "Beast-Warrior",
    "Pendulum",
    "Effect"
  ]
}
