{
  "id": 12420,
  "type": "monster",
  "name": "Metalfoes Steelen",
  "englishAttribute": "fire",
  "localizedAttribute": "FIRE",
  "effectText": "Cool iron bodies meet burning metal machines and man/machine combine. Burn up the soul - Metalfoes Fusion!!",
  "pendEffect": "Once per turn: You can target 1 other face-up card you control; destroy it, and if you do, Set 1 \"Metalfoes\" Spell/Trap directly from your Deck.",
  "pendScale": 8,
  "level": 2,
  "atk": 0,
  "def": 2100,
  "properties": [
    "Psychic",
    "Pendulum",
    "Normal"
  ]
}
