{
  "id": 12431,
  "type": "monster",
  "name": "Toon Dark Magician",
  "englishAttribute": "dark",
  "localizedAttribute": "DARK",
  "effectText": "Cannot attack the turn it is Summoned. While you control \"Toon World\" and your opponent controls no Toon monsters, this card can attack your opponent directly. Once per turn: You can discard 1 \"Toon\" card, then activate 1 of these effects;\n●Special Summon 1 Toon monster from your Deck, except \"Toon Dark Magician\", ignoring its Summoning conditions.\n●Add 1 \"Toon\" Spell/Trap from your Deck to your hand.",
  "level": 7,
  "atk": 2500,
  "def": 2100,
  "properties": [
    "Spellcaster",
    "Toon",
    "Effect"
  ]
}
