{
  "id": 12452,
  "type": "spell",
  "name": "Super Hippo Carnival",
  "englishAttribute": "spell",
  "localizedAttribute": "SPELL",
  "effectText": "Special Summon 1 \"Performapal Hip Hippo\" from your hand, Deck, or Graveyard, then you can Special Summon as many \"Hippo Tokens\" (Beast-Type/EARTH/Level 1/ATK 0/DEF 0) as possible, but they cannot be Tributed, and monsters your opponent controls cannot target monsters for attacks for the rest of this turn, except \"Hippo Tokens\". You cannot Special Summon monsters from the Extra Deck while a \"Hippo Token\" is in a Monster Zone.",
  "englishProperty": "quickplay",
  "localizedProperty": "Quick-Play"
}
