{
  "id": 12530,
  "type": "monster",
  "name": "Performapal Uni",
  "englishAttribute": "light",
  "localizedAttribute": "LIGHT",
  "effectText": "Once per turn, during your Main Phase, if this card was Normal or Special Summoned this turn: You can Special Summon 1 Level 3 or lower \"Performapal\" monster from your hand in Attack Position. During your opponent's turn (Quick Effect): You can banish 1 \"Performapal\" monster, except \"Performapal Uni\", and this card from your GY; the next time you would take battle damage this turn, you do not.",
  "level": 4,
  "atk": 800,
  "def": 1500,
  "properties": [
    "Beast-Warrior",
    "Effect"
  ]
}
