{
  "id": 12549,
  "type": "monster",
  "name": "Number 78: Number Archive",
  "englishAttribute": "light",
  "localizedAttribute": "LIGHT",
  "effectText": "2 Level 1 monsters\nOnce per turn (Quick Effect): You can detach 1 material from this card; your opponent randomly chooses 1 card in your Extra Deck, and if it is a \"Number\" monster that has a number between \"1\" and \"99\" in its name, Special Summon it by using this face-up card you control as material, but banish that monster during the End Phase, also you cannot Special Summon for the rest of this turn. (This is treated as an Xyz Summon. Transfer its materials to the Summoned monster.)",
  "rank": 1,
  "atk": 0,
  "def": 0,
  "properties": [
    "Spellcaster",
    "Xyz",
    "Effect"
  ]
}
