{
  "id": 12544,
  "type": "monster",
  "name": "Number 100: Numeron Dragon",
  "englishAttribute": "light",
  "localizedAttribute": "LIGHT",
  "effectText": "2 \"Number\" Xyz Monsters with the same name and Rank\nOnce per turn: You can detach 1 material from this card; this card gains ATK equal to the combined Ranks of all Xyz Monsters currently on the field x 1000, until the end of your opponent's turn. When this card is destroyed by card effect: You can destroy as many monsters on the field as possible (min. 1), then each player Sets 1 Spell/Trap from their GY to their field. When an opponent's monster declares an attack while this card is in your GY and you have no cards in your hand or field: You can Special Summon this card.",
  "rank": 1,
  "atk": 0,
  "def": 0,
  "properties": [
    "Dragon",
    "Xyz",
    "Effect"
  ]
}
