{
  "id": 12554,
  "type": "monster",
  "name": "Flower Cardian Pine",
  "englishAttribute": "dark",
  "localizedAttribute": "DARK",
  "effectText": "If this card is Normal Summoned: Draw 1 card, show it, then send it to the GY unless it is a \"Flower Cardian\" monster. You can only use this effect of \"Flower Cardian Pine\" once per turn. If this card is destroyed by battle and sent to the GY, or if this card in your possession is destroyed by an opponent's card effect and sent to your GY: You can draw 1 card.",
  "level": 1,
  "atk": 100,
  "def": 100,
  "properties": [
    "Warrior",
    "Effect"
  ]
}
