{
  "id": 12562,
  "type": "monster",
  "name": "Flower Cardian Lightshower",
  "englishAttribute": "dark",
  "localizedAttribute": "DARK",
  "effectText": "1 Tuner + 3 non-Tuner monsters\nYour opponent cannot target \"Flower Cardian\" monsters you control with card effects, also those monsters cannot be destroyed by card effects. During your opponent's Draw Phase, if they draw a card(s) for their normal draw: Inflict 1500 damage to your opponent. Once per turn, during your opponent's End Phase: Activate 1 of these effects;\n●Skip the Draw Phase of your next turn.\n●Negate this card's other effects until your opponent's next Standby Phase.",
  "level": 8,
  "atk": 3000,
  "def": 3000,
  "properties": [
    "Warrior",
    "Synchro",
    "Effect"
  ]
}
