{
  "id": 12607,
  "type": "monster",
  "name": "Crystron Prasiortle",
  "englishAttribute": "water",
  "localizedAttribute": "WATER",
  "effectText": "You can target 1 face-up card you control; you cannot Special Summon monsters from the Extra Deck for the rest of this turn, except Machine-Type Synchro Monsters, also, destroy that card, and if you do, Special Summon 1 \"Crystron\" Tuner from your Deck. You can banish this card from your Graveyard; Special Summon 1 \"Crystron\" monster from your hand. You can only use 1 \"Crystron Prasiortle\" effect per turn, and only once that turn.",
  "level": 2,
  "atk": 500,
  "def": 2000,
  "properties": [
    "Machine",
    "Effect"
  ]
}
