{
  "id": 12613,
  "type": "monster",
  "name": "Chemicritter Hydron Hawk",
  "englishAttribute": "water",
  "localizedAttribute": "WATER",
  "effectText": "This card is treated as a Normal Monster while face-up on the field or in the Graveyard. While this card is a Normal Monster on the field, you can Normal Summon it to have it become an Effect Monster with this effect.\n●You can discard 1 card, then target 1 Gemini monster in your Graveyard; Special Summon it in Defense Position. You can only use this effect of \"Chemicritter Hydron Hawk\" once per turn.",
  "level": 2,
  "atk": 1400,
  "def": 700,
  "properties": [
    "Winged Beast",
    "Gemini",
    "Effect"
  ]
}
