{
  "id": 12630,
  "type": "monster",
  "name": "Metalfoes Mithrilium",
  "englishAttribute": "fire",
  "localizedAttribute": "FIRE",
  "effectText": "1 \"Metalfoes\" monster + 1 Pendulum Monster\nYou can target 2 \"Metalfoes\" cards in your GY and 1 card on the field; shuffle the targets from your GY into the Deck, and if you do, return the target on the field to the hand. You can only use this effect of \"Metalfoes Mithrilium\" once per turn. If this card is sent from the field to the GY: You can Special Summon 1 \"Metalfoes\" Pendulum Monster from your GY or face-up Extra Deck.",
  "level": 6,
  "atk": 2600,
  "def": 1000,
  "properties": [
    "Psychic",
    "Fusion",
    "Effect"
  ]
}
