{
  "id": 12675,
  "type": "monster",
  "name": "Ancient Gear Gadget",
  "englishAttribute": "earth",
  "localizedAttribute": "EARTH",
  "effectText": "If this card is Normal or Special Summoned: You can declare 1 card type (Monster, Spell, or Trap); this turn, if your monster attacks, your opponent cannot activate Spell/Trap Cards or monster effects (whichever was declared) until the end of the Damage Step. Once per turn: You can declare 1 \"Gadget\" monster's card name; until the End Phase, this card's name becomes that name.",
  "level": 4,
  "atk": 500,
  "def": 2000,
  "properties": [
    "Machine",
    "Effect"
  ]
}
