{
  "id": 12685,
  "type": "monster",
  "name": "Subterror Behemoth Umastryx",
  "englishAttribute": "earth",
  "localizedAttribute": "EARTH",
  "effectText": "FLIP: You can target 1 monster your opponent controls; banish it. You can only use this effect of \"Subterror Behemoth Umastryx\" once per turn.\nWhen a face-up monster you control is flipped face-down, if you control no face-up monsters: You can Special Summon this card from your hand in Defense Position. Once per turn: You can change this card to face-down Defense Position.",
  "level": 7,
  "atk": 2000,
  "def": 2700,
  "properties": [
    "Reptile",
    "Flip",
    "Effect"
  ]
}
