{
  "id": 12723,
  "type": "monster",
  "name": "Darklord Morningstar",
  "englishAttribute": "dark",
  "localizedAttribute": "DARK",
  "effectText": "Cannot be Special Summoned. If this card is Tribute Summoned: You can Special Summon \"Darklord\" monsters from your hand and/or Deck, up to the number of Effect Monsters your opponent controls. While you control another \"Darklord\" monster, your opponent cannot target this card with card effects. Once per turn: You can send cards from the top of your Deck to the GY, equal to the number of \"Darklord\" monsters on the field, and if you do, gain 500 LP for each \"Darklord\" card sent to the GY by this effect.",
  "level": 11,
  "atk": 3000,
  "def": 3000,
  "properties": [
    "Fairy",
    "Effect"
  ]
}
