{
  "id": 12724,
  "type": "monster",
  "name": "Darklord Ixchel",
  "englishAttribute": "dark",
  "localizedAttribute": "DARK",
  "effectText": "You can discard this card and 1 \"Darklord\" card; draw 2 cards. (Quick Effect): You can pay 1000 LP, then target 1 \"Darklord\" Spell/Trap in your GY; apply that target's effect, then shuffle that target into the Deck. You can only use each effect of \"Darklord Ixchel\" once per turn. You can only Special Summon \"Darklord Ixchel(s)\" once per turn.",
  "level": 10,
  "atk": 2500,
  "def": 2900,
  "properties": [
    "Fairy",
    "Effect"
  ]
}
