{
  "id": 12807,
  "type": "trap",
  "name": "Shinobird Salvation",
  "englishAttribute": "trap",
  "localizedAttribute": "TRAP",
  "effectText": "If a face-up Spirit monster(s) you control returns to your hand while this card is face-up on the field (except during the Damage Step): You can target 1 card your opponent controls; destroy it. When an opponent's monster declares an attack: You can banish 1 Spirit monster from your Graveyard; negate the attack, then end the Battle Phase. You can only use each effect of \"Shinobird Salvation\" once per turn.",
  "englishProperty": "continuous",
  "localizedProperty": "Continuous"
}
