{
  "id": 12821,
  "type": "monster",
  "name": "Subterror Behemoth Stygokraken",
  "englishAttribute": "earth",
  "localizedAttribute": "EARTH",
  "effectText": "FLIP: You can target Set cards on the field, equal to the number of \"Subterror Behemoth\" monsters you control; destroy them. You can only use this effect of \"Subterror Behemoth Stygokraken\" once per turn.\nWhen a face-up monster you control is flipped face-down, if you control no face-up monsters: You can Special Summon this card from your hand in Defense Position. Once per turn: You can change this card to face-down Defense Position.",
  "level": 5,
  "atk": 1400,
  "def": 2600,
  "properties": [
    "Sea Serpent",
    "Flip",
    "Effect"
  ]
}
