{
  "id": 12849,
  "type": "monster",
  "name": "Invoked Mechaba",
  "englishAttribute": "light",
  "localizedAttribute": "LIGHT",
  "effectText": "\"Aleister the Invoker\" + 1 LIGHT monster\nOnce per turn, when a Spell/Trap Card, or monster effect, is activated (Quick Effect): You can send the same type of card (Monster, Spell, or Trap) from your hand to the GY; negate the activation, and if you do, banish that card.",
  "level": 9,
  "atk": 2500,
  "def": 2100,
  "properties": [
    "Machine",
    "Fusion",
    "Effect"
  ]
}
