{
  "id": 12841,
  "type": "monster",
  "name": "Fluffal Penguin",
  "englishAttribute": "water",
  "localizedAttribute": "WATER",
  "effectText": "During your Main Phase: You can Special Summon 1 \"Fluffal\" monster from your hand, except \"Fluffal Penguin\". This effect can only be used once while this card is face-up on the field. If this card is sent to the Graveyard as a Fusion Material for a Fusion Summon of a \"Frightfur\" Fusion Monster: You can draw 2 cards, then discard 1 card. You can only use this effect of \"Fluffal Penguin\" once per turn.",
  "level": 4,
  "atk": 1600,
  "def": 1100,
  "properties": [
    "Fairy",
    "Effect"
  ]
}
