{
  "id": 12852,
  "type": "spell",
  "name": "Invocation",
  "englishAttribute": "spell",
  "localizedAttribute": "SPELL",
  "effectText": "Fusion Summon 1 Fusion Monster from your Extra Deck, using monsters from your hand as material. If Summoning an \"Invoked\" Fusion Monster this way, you can also banish monsters from your field and/or either player's GY as material. If this card is in your GY: You can target 1 of your banished \"Aleister the Invoker\"; shuffle this card into the Deck, and if you do, add that monster to your hand. You can only use this effect of \"Invocation\" once per turn."
}
