{
  "id": 12891,
  "type": "monster",
  "name": "Number 70: Malevolent Sin",
  "englishAttribute": "dark",
  "localizedAttribute": "DARK",
  "effectText": "2 Level 4 monsters\nOnce per turn: You can detach 1 Xyz Material from this card, then target 1 monster your opponent controls; banish it until your opponent's next Standby Phase. At the end of the Damage Step, if this card attacked: You can make this card gain 300 ATK, and if you do, increase its Rank by 3.",
  "rank": 4,
  "atk": 2400,
  "def": 1200,
  "properties": [
    "Insect",
    "Xyz",
    "Effect"
  ]
}
