{
  "id": 12902,
  "type": "spell",
  "name": "Skydive Scorcher",
  "englishAttribute": "spell",
  "localizedAttribute": "SPELL",
  "effectText": "Target 1 \"Elemental HERO\" Fusion Monster you control; destroy as many monsters your opponent controls as possible, with ATK higher than that monster's, then inflict damage to your opponent equal to the highest original ATK among those destroyed monsters in the Graveyard (your choice, if tied). If a \"Skyscraper\" Field Spell Card is in your Field Zone, inflict damage to your opponent equal to the combined original ATK of those destroyed monsters in the Graveyard, instead."
}
