{
  "id": 12960,
  "type": "monster",
  "name": "True King of All Calamities",
  "englishAttribute": "dark",
  "localizedAttribute": "DARK",
  "effectText": "2+ Level 9 monsters\nOnce per turn (Quick Effect): You can detach 1 material from this card and declare 1 Attribute; this turn, all face-up monsters on the field become that Attribute, also all monsters in your opponent's possession with that Attribute cannot activate their effects or attack. Monsters that \"True Draco\" and \"True King\" monsters in your hand would destroy with their effects can be chosen from your opponent's field.",
  "rank": 9,
  "atk": 3000,
  "def": 3000,
  "properties": [
    "Wyrm",
    "Xyz",
    "Effect"
  ]
}
