{
  "id": 13016,
  "type": "monster",
  "name": "D/D/D Flame High King Genghis",
  "englishAttribute": "fire",
  "localizedAttribute": "FIRE",
  "effectText": "1 Level 5 or higher \"D/D\" monster + 1 \"D/D\" monster\nIf another \"D/D\" monster(s) is Normal or Special Summoned to your field while you control this monster (except during the Damage Step): You can target 1 \"D/D\" monster in your GY; Special Summon it. You can only use this effect of \"D/D/D Flame High King Genghis\" once per turn. Once per your turn, when a Spell/Trap Card, or its effect, is activated (Quick Effect): You can negate the activation.",
  "level": 8,
  "atk": 2800,
  "def": 2400,
  "properties": [
    "Fiend",
    "Fusion",
    "Effect"
  ]
}
