{
  "id": 13054,
  "type": "monster",
  "name": "Supreme King Dragon Odd-Eyes",
  "englishAttribute": "dark",
  "localizedAttribute": "DARK",
  "effectText": "You can Tribute 2 \"Supreme King Dragon\" monsters; Special Summon this card from your hand. If your Pendulum Monster battles an opponent's monster, any battle damage it inflicts to your opponent is doubled. During the Battle Phase (Quick Effect): You can Tribute this card; Special Summon up to 2 \"Supreme King Dragon\" and/or \"Supreme King Gate\" Pendulum Monsters from your face-up Extra Deck in Defense Position, except \"Supreme King Dragon Odd-Eyes\".",
  "pendEffect": "You can Tribute 1 \"Supreme King Dragon\" monster; destroy this card, and if you do, add 1 Pendulum Monster with 1500 or less ATK from your Deck to your hand.",
  "pendScale": 4,
  "level": 8,
  "atk": 2500,
  "def": 2000,
  "properties": [
    "Dragon",
    "Pendulum",
    "Effect"
  ]
}
