{
  "id": 13074,
  "type": "monster",
  "name": "Orbital Hydralander",
  "englishAttribute": "dark",
  "localizedAttribute": "DARK",
  "effectText": "Cannot be Normal Summoned/Set. Must be Special Summoned (from your hand) by having 5 or more monsters in your GY, and no monsters in your GY with the same name. Once per turn (Quick Effect): You can send the top 3 cards of your Deck to the GY; destroy 1 card on the field. You must have at least 2 monsters in your GY, and no monsters in your GY with the same name, to activate and to resolve this effect.",
  "level": 8,
  "atk": 3000,
  "def": 1500,
  "properties": [
    "Machine",
    "Effect"
  ]
}
