{
  "id": 13121,
  "type": "monster",
  "name": "D/D/D Destiny King Zero Laplace",
  "englishAttribute": "dark",
  "localizedAttribute": "DARK",
  "effectText": "You can Special Summon this card (from your hand) by Tributing 1 \"D/D/D\" monster. Before damage calculation, if this card battles an opponent's monster: You can activate this effect; this card's ATK becomes double that opponent's monster's original ATK until the end of the Damage Step. If this card attacks a Defense Position monster, inflict piercing battle damage. The first time this card would be destroyed by battle each turn, it is not destroyed, and you take no battle damage from that battle.",
  "pendEffect": "During your Main Phase: You can add 1 face-up \"D/D/D\" Pendulum Monster from your Extra Deck to your hand, except \"D/D/D Destiny King Zero Laplace\". You can only use this effect of \"D/D/D Destiny King Zero Laplace\" once per turn.",
  "pendScale": 1,
  "level": 10,
  "atk": -1,
  "def": 0,
  "properties": [
    "Fiend",
    "Pendulum",
    "Effect"
  ]
}
