{
  "id": 13182,
  "type": "monster",
  "name": "Cyberdarkness Dragon",
  "englishAttribute": "dark",
  "localizedAttribute": "DARK",
  "effectText": "5 \"Cyberdark\" Effect Monsters\nMust first be Fusion Summoned. If this card is Special Summoned: You can equip 1 Dragon or Machine monster from your GY to this card. Gains ATK equal to the original ATK of the monster equipped to it by this effect. When your opponent activates a card or effect (Quick Effect): You can send 1 Equip Card you control to the GY; negate the activation, and if you do, destroy that card.",
  "level": 10,
  "atk": 2000,
  "def": 2000,
  "properties": [
    "Machine",
    "Fusion",
    "Effect"
  ]
}
