{
  "id": 13195,
  "type": "monster",
  "name": "Backlinker",
  "englishAttribute": "dark",
  "localizedAttribute": "DARK",
  "effectText": "If only your opponent controls a monster in the Extra Monster Zone, you can Special Summon this card (from your hand). You can Tribute this card; shuffle all monsters from the Extra Monster Zones into the Deck, also you cannot Special Summon monsters from the Extra Deck for the rest of this turn.",
  "level": 3,
  "atk": 1600,
  "def": 0,
  "properties": [
    "Cyberse",
    "Effect"
  ]
}
