{
  "id": 13222,
  "type": "monster",
  "name": "Gouki Headbatt",
  "englishAttribute": "earth",
  "localizedAttribute": "EARTH",
  "effectText": "If this card is in your hand: You can send 1 other \"Gouki\" monster from your hand to the GY, then target 1 \"Gouki\" monster you control; Special Summon this card in Defense Position, and if you do, the targeted monster gains 800 ATK until the end of this turn. If this card is sent from the field to the GY: You can add 1 \"Gouki\" card from your Deck to your hand, except \"Gouki Headbatt\". You can only use each effect of \"Gouki Headbatt\" once per turn.",
  "level": 2,
  "atk": 800,
  "def": 0,
  "properties": [
    "Warrior",
    "Effect"
  ]
}
