{
  "id": 13229,
  "type": "monster",
  "name": "Altergeist Silquitous",
  "englishAttribute": "wind",
  "localizedAttribute": "WIND",
  "effectText": "(Quick Effect): You can return 1 other \"Altergeist\" card you control to the hand, then target 1 card your opponent controls; return it to the hand. If this card is sent from the field to the GY: You can target 1 \"Altergeist\" Trap in your GY; add that card to your hand. You can only use each effect of \"Altergeist Silquitous\" once per turn.",
  "level": 2,
  "atk": 800,
  "def": 1500,
  "properties": [
    "Spellcaster",
    "Effect"
  ]
}
