{
  "id": 13286,
  "type": "trap",
  "name": "Altergeist Camouflage",
  "englishAttribute": "trap",
  "localizedAttribute": "TRAP",
  "effectText": "Target 1 \"Altergeist\" monster you control; equip this card to it. Your opponent cannot target it for attacks, but it does not prevent your opponent from attacking you directly. Negate an opponent's monster effect that activates by targeting the equipped monster. If an \"Altergeist\" card(s) you control would be destroyed by battle or card effect, you can banish this card from your GY instead."
}
