{
  "id": 13296,
  "type": "trap",
  "name": "Ojama Duo",
  "englishAttribute": "trap",
  "localizedAttribute": "TRAP",
  "effectText": "Special Summon 2 \"Ojama Tokens\" (Beast/LIGHT/Level 2/ATK 0/DEF 1000) to your opponent's field in Defense Position. These Tokens cannot be Tributed for a Tribute Summon, and each time 1 is destroyed, its controller takes 300 damage. During either player's turn, except the turn this card was sent to the GY: You can banish this card from your GY; Special Summon 2 \"Ojama\" monsters with different names from your Deck."
}
