{
  "id": 13304,
  "type": "monster",
  "name": "D/D/D Supersight King Zero Maxwell",
  "englishAttribute": "dark",
  "localizedAttribute": "DARK",
  "effectText": "Before damage calculation, if this card attacks an opponent's Defense Position monster: You can change the DEF of that opponent's monster to 0 until the end of the Damage Step. If this card attacks a Defense Position monster, inflict piercing battle damage. You take no battle damage from battles involving this card.",
  "pendEffect": "You can target 1 face-up monster on the field; its DEF becomes 0 until the end of this turn (even if this card leaves the field). You can only use this effect of \"D/D/D Supersight King Zero Maxwell\" once per turn.",
  "pendScale": 4,
  "level": 7,
  "atk": 2800,
  "def": 2500,
  "properties": [
    "Fiend",
    "Pendulum",
    "Effect"
  ]
}
