{
  "id": 13344,
  "type": "monster",
  "name": "Gouki Destroy Ogre",
  "englishAttribute": "earth",
  "localizedAttribute": "EARTH",
  "effectText": "2+ \"Gouki\" monsters\nThe first time each monster this card points to would be destroyed by battle each turn, it is not destroyed. During your Main Phase: You can activate this effect; you cannot Special Summon monsters for the rest of this turn, except \"Gouki\" monsters, also, your opponent Special Summons 1 or 2 monsters from their GY, then, you Special Summon up to that many non-Link \"Gouki\" monsters from your GY to a Zone(s) this card points to. You can only use this effect of \"Gouki Destroy Ogre\" once per turn.",
  "linkRating": 4,
  "linkArrows": [
    "4",
    "6",
    "1",
    "3"
  ],
  "atk": 2800,
  "properties": [
    "Warrior",
    "Link",
    "Effect"
  ]
}
