{
  "id": 13364,
  "type": "spell",
  "name": "Vendread Nights",
  "englishAttribute": "spell",
  "localizedAttribute": "SPELL",
  "effectText": "You can discard 1 card; add 1 \"Vendread\" monster from your Deck to your hand. You can only use this effect of \"Vendread Nights\" once per turn. When your \"Vendread\" monster destroys an opponent's monster by battle: You can banish 1 \"Vendread\" monster from your GY; it can attack an opponent's monster again in a row.",
  "englishProperty": "field",
  "localizedProperty": "Field"
}
