{
  "id": 13360,
  "type": "monster",
  "name": "Samurai Destroyer",
  "englishAttribute": "earth",
  "localizedAttribute": "EARTH",
  "effectText": "1 Tuner + 1+ non-Tuner monsters\nIf this card battles an opponent's monster, your opponent cannot activate cards or effects until the end of the Damage Step, also that opponent's monster's effects are negated during the Battle Phase only. If this face-up card in its owner's control leaves the field because of an opponent's card effect: You can target 1 Machine monster in your GY; Special Summon it.",
  "level": 7,
  "atk": 2600,
  "def": 1400,
  "properties": [
    "Machine",
    "Synchro",
    "Effect"
  ]
}
