{
  "id": 13409,
  "type": "monster",
  "name": "Excode Talker",
  "englishAttribute": "wind",
  "localizedAttribute": "WIND",
  "effectText": "2+ Cyberse monsters\nWhen this card is Link Summoned: You can choose unused Main Monster Zones equal to the number of monsters currently in the Extra Monster Zones; those zones cannot be used while this monster is face-up on the field. You can only use this effect of \"Excode Talker\" once per turn. Monsters this card points to gain 500 ATK, also they cannot be destroyed by card effects.",
  "linkRating": 3,
  "linkArrows": [
    "8",
    "4",
    "6"
  ],
  "atk": 2300,
  "properties": [
    "Cyberse",
    "Link",
    "Effect"
  ]
}
