{
  "id": 13438,
  "type": "trap",
  "name": "Cynet Refresh",
  "englishAttribute": "trap",
  "localizedAttribute": "TRAP",
  "effectText": "When an opponent's Cyberse monster declares an attack: Destroy all monsters in the Main Monster Zones. During the End Phase of this turn, Special Summon from the GY as many Cyberse Link Monsters as possible, to their owner's fields, that were destroyed by this effect. When an opponent's monster activates its effect: You can banish this card from your GY; Cyberse Link Monsters you currently control are unaffected by card effects, except their own, until the end of this turn."
}
