{
  "id": 13464,
  "type": "monster",
  "name": "Millennium-Eyes Illusionist",
  "englishAttribute": "dark",
  "localizedAttribute": "DARK",
  "effectText": "(Quick Effect): You can discard this card, then target 1 Effect Monster your opponent controls; equip that target to an \"Eyes Restrict\" Fusion Monster or \"Relinquished\" you control, as if it were equipped by that monster's effect. If an \"Eyes Restrict\" Fusion Monster(s) or a \"Relinquished\" is Special Summoned: Add this card from your GY to your hand (this is not optional). You can only use each effect of \"Millennium-Eyes Illusionist\" once per turn.",
  "level": 2,
  "atk": 0,
  "def": 1400,
  "properties": [
    "Spellcaster",
    "Effect"
  ]
}
