{
  "id": 13484,
  "type": "monster",
  "name": "Rainbow Overdragon",
  "englishAttribute": "light",
  "localizedAttribute": "LIGHT",
  "effectText": "7 \"Crystal Beast\" monsters\n(This card is always treated as an \"Ultimate Crystal\" card.)\nMust be either Fusion Summoned, or Special Summoned by Tributing 1 Level 10 \"Ultimate Crystal\" monster. Once per turn: You can banish 1 \"Crystal Beast\" monster from your GY; this card gains ATK equal to the banished monster's, until the end of this turn. (Quick Effect): You can Tribute this Fusion Summoned card; shuffle all cards on the field into the Deck.",
  "level": 12,
  "atk": 4000,
  "def": 0,
  "properties": [
    "Dragon",
    "Fusion",
    "Effect"
  ]
}
