{
  "id": 13499,
  "type": "monster",
  "name": "Mermail Abyssalacia",
  "englishAttribute": "water",
  "localizedAttribute": "WATER",
  "effectText": "2 Fish, Sea Serpent, and/or Aqua monsters\nMonsters this card points to gain 500 ATK/DEF. You can only use each of the following effects of \"Mermail Abyssalacia\" once per turn.\n●During your opponent's turn (Quick Effect): You can send 1 card from your hand to the GY; add 1 \"Mermail\" monster from your Deck to your hand.\n●If this card in its owner's possession is destroyed by an opponent's attack or card effect: You can send 1 WATER monster from your Deck to the GY, then target 1 WATER monster in your GY; Special Summon it in Defense Position.",
  "linkRating": 2,
  "linkArrows": [
    "1",
    "3"
  ],
  "atk": 1600,
  "properties": [
    "Sea Serpent",
    "Link",
    "Effect"
  ]
}
