{
  "id": 13492,
  "type": "monster",
  "name": "Curious, the Lightsworn Dominion",
  "englishAttribute": "light",
  "localizedAttribute": "LIGHT",
  "effectText": "3 monsters with the same Attribute but different Types\nIf this face-up card is destroyed by battle, or leaves the field because of an opponent's card effect while its owner controls it: You can target 1 card in your GY; add it to your hand. You can only use each of the following effects of \"Curious, the Lightsworn Dominion\" once per turn.\n●If this card is Link Summoned: You can send 1 card from your Deck to the GY.\n●If a card(s) is sent from your Deck to the GY by an effect: Send the top 3 cards of your Deck to the GY.",
  "linkRating": 3,
  "linkArrows": [
    "8",
    "1",
    "3"
  ],
  "atk": 2400,
  "properties": [
    "Warrior",
    "Link",
    "Effect"
  ]
}
