{
  "id": 13503,
  "type": "monster",
  "name": "Ritual Beast Ulti-Kimunfalcos",
  "englishAttribute": "wind",
  "localizedAttribute": "WIND",
  "effectText": "2 \"Ritual Beast\" monsters\n\"Ritual Beast\" monsters this card points to gain 600 ATK/DEF. You can banish 1 \"Ritual Beast\" card from your GY; immediately after this effect resolves, Normal Summon 1 \"Ritual Beast\" monster from your hand. You can only use this effect of \"Ritual Beast Ulti-Kimunfalcos\" once per turn. (Quick Effect): You can return this card you control to the Extra Deck, then target 2 of your banished monsters (1 \"Ritual Beast Tamer\" monster and 1 \"Spiritual Beast\" monster); Special Summon them in Defense Position.",
  "linkRating": 2,
  "linkArrows": [
    "1",
    "3"
  ],
  "atk": 1800,
  "properties": [
    "Psychic",
    "Link",
    "Effect"
  ]
}
