{
  "id": 13528,
  "type": "monster",
  "name": "Powercode Talker",
  "englishAttribute": "fire",
  "localizedAttribute": "FIRE",
  "effectText": "3 monsters\nOnce per turn: You can target 1 face-up monster on the field; negate that target's effects until the end of this turn. Once per turn, if this card battles an opponent's monster, during damage calculation (Quick Effect): You can Tribute 1 monster this card points to; this card's ATK becomes double its original ATK during that damage calculation only.",
  "linkRating": 3,
  "linkArrows": [
    "4",
    "6",
    "1"
  ],
  "atk": 2300,
  "properties": [
    "Cyberse",
    "Link",
    "Effect"
  ]
}
