{
  "id": 13523,
  "type": "monster",
  "name": "Antialian",
  "englishAttribute": "earth",
  "localizedAttribute": "EARTH",
  "effectText": "Once per turn, if this card battled a monster this Battle Phase, you can (Quick Effect): Immediately after this effect resolves, Normal Summon 1 Cyberse monster. If this face-up card you control leaves the field because of an opponent's card effect: Draw 1 card.",
  "level": 4,
  "atk": 1900,
  "def": 600,
  "properties": [
    "Cyberse",
    "Effect"
  ]
}
