{
  "id": 13590,
  "type": "monster",
  "name": "Topologic Trisbaena",
  "englishAttribute": "dark",
  "localizedAttribute": "DARK",
  "effectText": "2+ Effect Monsters\nIf a monster(s) is Special Summoned to a zone(s) this card points to: Banish as many of those monster(s) as possible, also as many Spells/Traps on the field as possible, and if you do, inflict 500 damage to your opponent for each of their cards banished by this effect.",
  "linkRating": 3,
  "linkArrows": [
    "8",
    "1",
    "3"
  ],
  "atk": 2500,
  "properties": [
    "Cyberse",
    "Link",
    "Effect"
  ]
}
