{
  "id": 13597,
  "type": "monster",
  "name": "Knightmare Mermaid",
  "englishAttribute": "water",
  "localizedAttribute": "WATER",
  "effectText": "1 \"Knightmare\" monster, except \"Knightmare Mermaid\"\nIf this card is Link Summoned: You can discard 1 card; Special Summon 1 \"Knightmare\" monster from your Deck, then, if this card was co-linked when this effect was activated, you can draw 1 card. You can only use this effect of \"Knightmare Mermaid\" once per turn. Monsters on the field lose 1000 ATK/DEF, unless they are co-linked.",
  "linkRating": 1,
  "linkArrows": [
    "2"
  ],
  "atk": 1000,
  "properties": [
    "Fiend",
    "Link",
    "Effect"
  ]
}
