{
  "id": 13609,
  "type": "spell",
  "name": "Trickstar Bouquet",
  "englishAttribute": "spell",
  "localizedAttribute": "SPELL",
  "effectText": "Target 1 \"Trickstar\" monster you control and 1 face-up monster on the field; return that \"Trickstar\" monster to the hand, and if you do, the other monster gains ATK equal to the original ATK of the returned monster, until the end of this turn. You can only activate 1 \"Trickstar Bouquet\" per turn.",
  "englishProperty": "quickplay",
  "localizedProperty": "Quick-Play"
}
