{
  "id": 13689,
  "type": "monster",
  "name": "Keeper of Dragon Magic",
  "englishAttribute": "dark",
  "localizedAttribute": "DARK",
  "effectText": "If this card is Normal or Special Summoned: You can discard 1 card; add 1 \"Polymerization\" Normal Spell or \"Fusion\" Normal Spell from your Deck to your hand. You can reveal 1 Fusion Monster in your Extra Deck; Special Summon 1 of the Fusion Materials mentioned on that monster from your GY, in face-down Defense Position. You can only use each effect of \"Keeper of Dragon Magic\" once per turn. You cannot Special Summon monsters from the Extra Deck, except Fusion Monsters, the turn you activate either of this card's effects.",
  "level": 4,
  "atk": 1800,
  "def": 1300,
  "properties": [
    "Dragon",
    "Effect"
  ]
}
