{
  "id": 13724,
  "type": "monster",
  "name": "Dragunity Senatus",
  "englishAttribute": "wind",
  "localizedAttribute": "WIND",
  "effectText": "You can discard 1 \"Dragunity\" card; equip 1 \"Dragunity\" Tuner from your Deck to this card, also, you cannot Special Summon monsters from the Extra Deck for the rest of this turn, except Dragon monsters. You can only use this effect of \"Dragunity Senatus\" once per turn. If a \"Dragunity\" card(s) you control would be destroyed by battle or card effect, you can destroy 1 \"Dragunity\" card equipped to this card, instead.",
  "level": 4,
  "atk": 1800,
  "def": 600,
  "properties": [
    "Winged Beast",
    "Effect"
  ]
}
