{
  "id": 13732,
  "type": "monster",
  "name": "Impcantation Candoll",
  "englishAttribute": "light",
  "localizedAttribute": "LIGHT",
  "effectText": "You can reveal 1 Ritual Spell in your hand; Special Summon both this card from your hand and 1 \"Impcantation\" monster from your Deck, except \"Impcantation Candoll\". If this card is Special Summoned from the Deck: You can add 1 Ritual Spell from your Deck to your hand. You can only use 1 \"Impcantation Candoll\" effect per turn, and only once that turn. You cannot Special Summon monsters from the Extra Deck.",
  "level": 4,
  "atk": 0,
  "def": 0,
  "properties": [
    "Pyro",
    "Effect"
  ]
}
