{
  "id": 13738,
  "type": "monster",
  "name": "Terrifying Toddler of Torment",
  "englishAttribute": "dark",
  "localizedAttribute": "DARK",
  "effectText": "FLIP: You can send 1 Fiend monster from your Deck to the GY.\nIf this card is sent from the hand or Deck to the GY: You can Special Summon this card in face-down Defense Position. You can only use each effect of \"Terrifying Toddler of Torment\" once per turn.",
  "level": 3,
  "atk": 0,
  "def": 2000,
  "properties": [
    "Fiend",
    "Flip",
    "Effect"
  ]
}
