{
  "id": 13745,
  "type": "monster",
  "name": "Ruin, Supreme Queen of Oblivion",
  "englishAttribute": "light",
  "localizedAttribute": "LIGHT",
  "effectText": "You can Ritual Summon this card with \"Cycle of the World\". This card's name becomes \"Ruin, Queen of Oblivion\" while in the hand or on the field. While this Ritual Summoned card is on the field, Ritual Monsters you control cannot be destroyed by card effects. If all monsters used to Ritual Summon this card were Ritual Monsters, it can make a second attack during each Battle Phase. If this card destroys an opponent's monster by battle: You can inflict damage to your opponent equal to that destroyed monster's original ATK.",
  "level": 10,
  "atk": 2900,
  "def": 3000,
  "properties": [
    "Fairy",
    "Ritual",
    "Effect"
  ]
}
