{
  "id": 13747,
  "type": "monster",
  "name": "Paladin of Storm Dragon",
  "englishAttribute": "light",
  "localizedAttribute": "LIGHT",
  "effectText": "You can Ritual Summon this card with \"Cynet Ritual\". At the start of the Damage Step, if this card attacks a monster: You can return that monster to the hand. You can Tribute this card; Special Summon 1 Level 5 or higher Cyberse monster from your hand or Deck, but it cannot activate its effects this turn. You can only use each effect of \"Paladin of Storm Dragon\" once per turn.",
  "level": 4,
  "atk": 1900,
  "def": 900,
  "properties": [
    "Cyberse",
    "Ritual",
    "Effect"
  ]
}
