{
  "id": 13751,
  "type": "monster",
  "name": "Cyberse Witch",
  "englishAttribute": "dark",
  "localizedAttribute": "DARK",
  "effectText": "2 Cyberse monsters\nIf a monster is Special Summoned to a zone this card points to (except during the Damage Step): You can banish 1 Spell from your GY; add 1 Cyberse Ritual Monster and 1 \"Cynet Ritual\" from your Deck to your hand. During your Main Phase, if this effect was activated this turn: You can target 1 Level 4 or lower Cyberse monster in your GY; Special Summon it. You can only use each effect of \"Cyberse Witch\" once per turn.",
  "linkRating": 2,
  "linkArrows": [
    "1",
    "2"
  ],
  "atk": 800,
  "properties": [
    "Cyberse",
    "Link",
    "Effect"
  ]
}
