{
  "id": 13752,
  "type": "monster",
  "name": "Link Devotee",
  "englishAttribute": "earth",
  "localizedAttribute": "EARTH",
  "effectText": "1 Level 4 or lower Cyberse monster\nIf this card is Special Summoned: For the rest of this turn, you cannot Link Summon Link-3 or higher Link Monsters. If this co-linked card is Tributed: You can Special Summon 2 \"Link Tokens\" (Cyberse/LIGHT/Level 1/ATK 0/DEF 0). You can only use this effect of \"Link Devotee\" once per turn.",
  "linkRating": 1,
  "linkArrows": [
    "8"
  ],
  "atk": 500,
  "properties": [
    "Cyberse",
    "Link",
    "Effect"
  ]
}
