{
  "id": 13762,
  "type": "monster",
  "name": "Mekk-Knight of the Morning Star",
  "englishAttribute": "light",
  "localizedAttribute": "LIGHT",
  "effectText": "2 monsters, including a \"Mekk-Knight\" monster\nIf this card is Link Summoned: You can discard 1 \"Mekk-Knight\" monster or 1 \"World Legacy\" card; add 1 \"World Legacy\" card from your Deck to your hand. You can only use this effect of \"Mekk-Knight of the Morning Star\" once per turn. If your \"Mekk-Knight\" monster battles a monster in a different column than it, your monster cannot be destroyed by that battle, also you take no battle damage from that battle.",
  "linkRating": 2,
  "linkArrows": [
    "1",
    "3"
  ],
  "atk": 2000,
  "properties": [
    "Machine",
    "Link",
    "Effect"
  ]
}
