{
  "id": 13806,
  "type": "monster",
  "name": "Glife the Phantom Bird",
  "englishAttribute": "wind",
  "localizedAttribute": "WIND",
  "effectText": "You can discard this card; add 1 \"Golden Castle of Stromberg\" from your Deck to your hand. If this card is Normal or Special Summoned: You can target 1 card in your opponent's Spell & Trap Zone; destroy it. You can only use this effect of \"Glife the Phantom Bird\" once per turn.",
  "level": 4,
  "atk": 1500,
  "def": 1500,
  "properties": [
    "Winged Beast",
    "Effect"
  ]
}
