{
  "id": 13813,
  "type": "spell",
  "name": "Living Fossil",
  "englishAttribute": "spell",
  "localizedAttribute": "SPELL",
  "effectText": "Activate this card by targeting 1 Level 4 or lower monster in your GY; Special Summon it and equip it with this card, but banish it when it leaves the field (even if this card leaves the field). When this card leaves the field, banish the equipped monster. The equipped monster loses 1000 ATK/DEF, also its effects are negated. You can only activate 1 \"Living Fossil\" per turn.",
  "englishProperty": "equip",
  "localizedProperty": "Equip"
}
