{
  "id": 13908,
  "type": "monster",
  "name": "Thunder Dragonroar",
  "englishAttribute": "dark",
  "localizedAttribute": "DARK",
  "effectText": "You can discard this card; add to your hand, 1 of your \"Thunder Dragon\" cards that is banished or in your GY, except \"Thunder Dragonroar\". If this card is banished, or sent from the field to the GY: You can Special Summon 1 \"Thunder Dragon\" monster from your Deck in Defense Position, but return it to the hand during the End Phase. You can only use 1 \"Thunder Dragonroar\" effect per turn, and only once that turn.",
  "level": 6,
  "atk": 2400,
  "def": 0,
  "properties": [
    "Thunder",
    "Effect"
  ]
}
