{
  "id": 13920,
  "type": "monster",
  "name": "Salamangreat Emerald Eagle",
  "englishAttribute": "fire",
  "localizedAttribute": "FIRE",
  "effectText": "You can Ritual Summon this card with \"Rise of the Salamangreat\". When this card is Ritual Summoned using \"Salamangreat Emerald Eagle\" you control: You can destroy all Special Summoned monsters your opponent controls. Once per turn: You can Tribute 1 \"Salamangreat\" Link Monster; this turn, this card gains this effect.\n●At the start of the Damage Step, if this card battles an opponent's monster: Destroy that opponent's monster, and if you do, inflict damage to your opponent equal to that monster's original ATK.",
  "level": 8,
  "atk": 2800,
  "def": 2000,
  "properties": [
    "Cyberse",
    "Ritual",
    "Effect"
  ]
}
