{
  "id": 13939,
  "type": "spell",
  "name": "Rise of the Salamangreat",
  "englishAttribute": "spell",
  "localizedAttribute": "SPELL",
  "effectText": "This card can be used to Ritual Summon any \"Salamangreat\" Ritual Monster. You must also Tribute monsters from your hand or field whose total Levels equal or exceed the Level of the Ritual Monster you Ritual Summon. If you control a FIRE Link Monster, you can also use \"Salamangreat\" monster(s) in your GY, by shuffling them into the Deck. If this card in its owner's possession is destroyed by an opponent's card effect: You can Special Summon 1 \"Salamangreat Emerald Eagle\" from your hand, ignoring its Summoning conditions.",
  "englishProperty": "ritual",
  "localizedProperty": "Ritual"
}
