{
  "id": 14052,
  "type": "monster",
  "name": "Xtra HERO Dread Decimator",
  "englishAttribute": "dark",
  "localizedAttribute": "DARK",
  "effectText": "2+ \"HERO\" monsters\nThis card, also any \"HERO\" monsters it points to, gains 100 ATK for each \"HERO\" monster with different names in your GY. If this card attacks a Defense Position monster, inflict piercing battle damage.",
  "linkRating": 3,
  "linkArrows": [
    "1",
    "2",
    "3"
  ],
  "atk": 2500,
  "properties": [
    "Warrior",
    "Link",
    "Effect"
  ]
}
