{
  "id": 14069,
  "type": "monster",
  "name": "Danger! Mothman!",
  "englishAttribute": "dark",
  "localizedAttribute": "DARK",
  "effectText": "You can reveal this card in your hand; your opponent randomly chooses 1 card from your entire hand, then you discard the chosen card. Then, if the discarded card was not \"Danger! Mothman!\", Special Summon 1 \"Danger! Mothman!\" from your hand, and if you do, draw 1 card. If this card is discarded: You can have both players draw 1 card, then both players discard 1 card. You can only use this effect of \"Danger! Mothman!\" once per turn.",
  "level": 4,
  "atk": 1800,
  "def": 400,
  "properties": [
    "Insect",
    "Effect"
  ]
}
