{
  "id": 14133,
  "type": "monster",
  "name": "Hiita the Fire Charmer, Ablaze",
  "englishAttribute": "fire",
  "localizedAttribute": "FIRE",
  "effectText": "2 monsters, including a FIRE monster\n(This card is always treated as a \"Familiar-Possessed\" card.)\nYou can target 1 FIRE monster in your opponent's GY; Special Summon it to your zone this card points to. If this Link Summoned card is destroyed by battle, or is destroyed by an opponent's card effect while in its owner's Monster Zone: You can add 1 FIRE monster with 1500 or less DEF from your Deck to your hand. You can only use each effect of \"Hiita the Fire Charmer, Ablaze\" once per turn.",
  "linkRating": 2,
  "linkArrows": [
    "1",
    "3"
  ],
  "atk": 1850,
  "properties": [
    "Spellcaster",
    "Link",
    "Effect"
  ]
}
