{
  "id": 14143,
  "type": "spell",
  "name": "Uni-Song Tuning",
  "englishAttribute": "spell",
  "localizedAttribute": "SPELL",
  "effectText": "Target 1 Tuner in either GY and 1 face-up monster on the field; banish that Tuner in the GY, then, until the end of this turn, the Level of the targeted monster on the field becomes the Level of the banished Tuner, also it is treated as a Tuner. You can only activate 1 \"Uni-Song Tuning\" per turn.",
  "englishProperty": "quickplay",
  "localizedProperty": "Quick-Play"
}
