{
  "id": 14177,
  "type": "monster",
  "name": "Red Rose Dragon",
  "englishAttribute": "dark",
  "localizedAttribute": "DARK",
  "effectText": "If this card is sent to the GY as Synchro Material: You can Special Summon 1 \"Rose Dragon\" monster from your hand or Deck, except \"Red Rose Dragon\", then, if it was sent for the Synchro Summon of \"Black Rose Dragon\" or a Plant Synchro Monster, you can also add 1 \"Frozen Rose\" or 1 \"Blooming of the Darkest Rose\" from your Deck to your hand. You can only use this effect of \"Red Rose Dragon\" once per turn.",
  "level": 3,
  "atk": 1000,
  "def": 1800,
  "properties": [
    "Dragon",
    "Tuner",
    "Effect"
  ]
}
