{
  "id": 14180,
  "type": "monster",
  "name": "Superdreadnought Rail Cannon Juggernaut Liebe",
  "englishAttribute": "earth",
  "localizedAttribute": "EARTH",
  "effectText": "3 Level 11 monsters\nOnce per turn, you can also Xyz Summon \"Superdreadnought Rail Cannon Juggernaut Liebe\" by using 1 Rank 10 Machine Xyz Monster you control as material. (Transfer its materials to this card.) Once per turn: You can detach 1 material from this card; it gains 2000 ATK/DEF, also for the rest of this turn, you can only declare an attack with this card. During each Battle Phase, this card can make attacks on monsters up to the number of materials it has +1.",
  "rank": 11,
  "atk": 4000,
  "def": 4000,
  "properties": [
    "Machine",
    "Xyz",
    "Effect"
  ]
}
