{
  "id": 14197,
  "type": "monster",
  "name": "Alien Shocktrooper M-Frame",
  "englishAttribute": "light",
  "localizedAttribute": "LIGHT",
  "effectText": "2 Reptile monsters\n(Quick Effect): You can discard 1 monster; place A-Counters equal to its original Level on face-up monster(s) on the field, distributed as you wish. If this card is destroyed by battle or card effect and sent to the GY: You can Special Summon non-Link Reptile monsters with different names from your GY, up to the number of monsters your opponent controls with A-Counters. You can only use each effect of \"Alien Shocktrooper M-Frame\" once per turn.",
  "linkRating": 2,
  "linkArrows": [
    "1",
    "3"
  ],
  "atk": 1900,
  "properties": [
    "Reptile",
    "Link",
    "Effect"
  ]
}
