{
  "id": 14209,
  "type": "monster",
  "name": "Magical Musketeer Max",
  "englishAttribute": "light",
  "localizedAttribute": "LIGHT",
  "effectText": "1 Level 8 or lower \"Magical Musket\" monster\nIf this card is Link Summoned: You can activate 1 of these effects;\n●Add \"Magical Musket\" Spells/Traps with different names from your Deck to your hand, up to the number of monsters your opponent controls.\n●Special Summon \"Magical Musket\" monsters with different names from your Deck, up to the number of Spells/Traps your opponent controls.\nYou can only use this effect of \"Magical Musketeer Max\" once per turn. During either player's turn, you can activate \"Magical Musket\" Spell/Trap Cards from your hand.",
  "linkRating": 1,
  "linkArrows": [
    "2"
  ],
  "atk": 1000,
  "properties": [
    "Fiend",
    "Link",
    "Effect"
  ]
}
