{
  "id": 14258,
  "type": "monster",
  "name": "Dinowrestler Martial Anga",
  "englishAttribute": "earth",
  "localizedAttribute": "EARTH",
  "effectText": "During damage calculation, when your \"Dinowrestler\" monster battles a monster with an equal or higher ATK (Quick Effect): You can send this card from your hand to the GY; your battling monster cannot be destroyed by that battle, also end the Battle Phase after the Damage Step. Once per turn, during the End Phase, if this card is in the GY because it was sent there to activate this effect this turn, and your opponent controls more monsters than you do: You can Special Summon this card.",
  "level": 5,
  "atk": 1600,
  "def": 0,
  "properties": [
    "Dinosaur",
    "Effect"
  ]
}
