{
  "id": 14253,
  "type": "monster",
  "name": "Salamangreat Fennec",
  "englishAttribute": "fire",
  "localizedAttribute": "FIRE",
  "effectText": "If a Cyberse monster(s) you control that was Special Summoned from the Extra Deck is destroyed by battle or an opponent's card effect: You can Special Summon this card from the GY (if it was there when the monster was destroyed) or hand (even if not), but banish it when it leaves the field. If this card is sent to the GY as material for the Link Summon of a Link-2 or higher Cyberse Link Monster: You can add 1 \"Salamangreat\" Normal Spell from your Deck to your hand. You can only use each effect of \"Salamangreat Fennec\" once per turn.",
  "level": 3,
  "atk": 1600,
  "def": 200,
  "properties": [
    "Cyberse",
    "Effect"
  ]
}
