{
  "id": 14284,
  "type": "monster",
  "name": "Dinowrestler Giga Spinosavate",
  "englishAttribute": "earth",
  "localizedAttribute": "EARTH",
  "effectText": "1 Dinosaur Tuner + 1+ non-Tuner monsters\nIf this card battles, your opponent cannot activate Spell/Trap Cards until the end of the Damage Step. Your opponent's monsters cannot target monsters for attacks, except this one. Once per turn: You can target 1 monster your opponent controls; destroy it. If this card would be destroyed by battle or card effect, you can destroy 1 card you control instead.",
  "level": 8,
  "atk": 3000,
  "def": 0,
  "properties": [
    "Dinosaur",
    "Synchro",
    "Effect"
  ]
}
