{
  "id": 14288,
  "type": "monster",
  "name": "Dingirsu, the Orcust of the Evening Star",
  "englishAttribute": "dark",
  "localizedAttribute": "DARK",
  "effectText": "2 Level 8 monsters\nYou can only Special Summon \"Dingirsu, the Orcust of the Evening Star(s)\" once per turn. You can also Xyz Summon this card by using an \"Orcust\" Link Monster you control as material. If a card(s) you control would be destroyed by battle or card effect, you can detach 1 material from this card instead. If this card is Special Summoned: You can activate 1 of these effects;\n●Send 1 card your opponent controls to the GY.\n●Attach 1 of your banished Machine monsters to this card as material.",
  "rank": 8,
  "atk": 2600,
  "def": 2100,
  "properties": [
    "Machine",
    "Xyz",
    "Effect"
  ]
}
