{
  "id": 14294,
  "type": "monster",
  "name": "Gouki The Solid Ogre",
  "englishAttribute": "earth",
  "localizedAttribute": "EARTH",
  "effectText": "2+ \"Gouki\" monsters\nCannot be destroyed by battle or card effects while it points to a \"Gouki\" monster. Once per turn (Quick Effect): You can target 1 \"Gouki\" monster in your Main Monster Zone, except \"Gouki The Solid Ogre\"; move that monster you control to your Main Monster Zone this card points to.",
  "linkRating": 3,
  "linkArrows": [
    "8",
    "4",
    "2"
  ],
  "atk": 2400,
  "properties": [
    "Warrior",
    "Link",
    "Effect"
  ]
}
