{
  "id": 14297,
  "type": "monster",
  "name": "Mekk-Knight Crusadia Avramax",
  "englishAttribute": "light",
  "localizedAttribute": "LIGHT",
  "effectText": "2+ monsters Special Summoned from the Extra Deck\nWhile this Link Summoned card is on the field, your opponent cannot target this card with card effects, also their monsters cannot target monsters for attacks, except this one. Once per battle, during damage calculation, if this card battles a Special Summoned monster (Quick Effect): You can make this card gain ATK equal to that opponent's monster's ATK during that damage calculation only. If this Link Summoned card you control is sent to your GY by an opponent's card: You can shuffle 1 card on the field into the Deck.",
  "linkRating": 4,
  "linkArrows": [
    "4",
    "6",
    "1",
    "3"
  ],
  "atk": 3000,
  "properties": [
    "Cyberse",
    "Link",
    "Effect"
  ]
}
