{
  "id": 14323,
  "type": "trap",
  "name": "The Weather Rainbowed Canvas",
  "englishAttribute": "trap",
  "localizedAttribute": "TRAP",
  "effectText": "You can only control 1 \"The Weather Rainbowed Canvas\". \"The Weather\" Effect Monsters in your Main Monster Zones of this card's column and its adjacent columns gain this effect.\n●If your opponent controls a monster (Quick Effect): You can banish this card; Special Summon 1 \"The Weather\" monster with a different name from your Deck, also you cannot Special Summon other monsters from the Deck for the rest of this turn.",
  "englishProperty": "continuous",
  "localizedProperty": "Continuous"
}
