{
  "id": 14346,
  "type": "monster",
  "name": "Number XX: Utopic Dark Infinity",
  "englishAttribute": "dark",
  "localizedAttribute": "DARK",
  "effectText": "2+ Level 10 monsters\nWhen a monster is destroyed by battle and sent to the GY: You can detach 1 material from this card, then target that monster; Special Summon it to your field in Defense Position. You can target 1 other face-up Special Summoned monster you control; gain LP equal to its original ATK. You can only use each effect of \"Number XX: Utopic Dark Infinity\" once per turn.",
  "rank": 10,
  "atk": 4000,
  "def": 4000,
  "properties": [
    "Warrior",
    "Xyz",
    "Effect"
  ]
}
