{
  "id": 14344,
  "type": "monster",
  "name": "Dangerous Frightfur Nightmary",
  "englishAttribute": "dark",
  "localizedAttribute": "DARK",
  "effectText": "1 \"Edge Imp\" monster + 2 \"Fluffal\" monsters\nGains 300 ATK for each Fairy and Fiend monster in your GY, during your turn only. When this Fusion Summoned card destroys a monster by battle: You can send \"Frightfur\", \"Fluffal\", and/or \"Edge Imp\" monsters from your Deck to the GY, equal to the original Level of that destroyed monster. When your opponent activates a card or effect that targets this card on the field (Quick Effect): You can banish 1 \"Frightfur\" monster from your Extra Deck; negate that effect.",
  "level": 10,
  "atk": 2000,
  "def": 3000,
  "properties": [
    "Fiend",
    "Fusion",
    "Effect"
  ]
}
