{
  "id": 14365,
  "type": "monster",
  "name": "Blue-Eyes Alternative Ultimate Dragon",
  "englishAttribute": "light",
  "localizedAttribute": "LIGHT",
  "effectText": "\"Blue-Eyes White Dragon\" + \"Blue-Eyes White Dragon\" + \"Blue-Eyes White Dragon\"\nYour opponent cannot target or destroy this card with card effects. Once per turn: You can target 1 card your opponent controls; destroy it. If this card was Fusion Summoned using a monster whose original name is \"Blue-Eyes Alternative White Dragon\" as material, you can target up to 3 cards your opponent controls instead. This card cannot attack the turn this effect is activated.",
  "level": 12,
  "atk": 4500,
  "def": 3800,
  "properties": [
    "Dragon",
    "Fusion",
    "Effect"
  ]
}
