{
  "id": 14370,
  "type": "monster",
  "name": "Neo Kaiser Glider",
  "englishAttribute": "light",
  "localizedAttribute": "LIGHT",
  "effectText": "You can discard this card and 1 monster, then target 1 Dragon Normal Monster in your GY; Special Summon it. If this card is sent to the GY: You can make all monsters your opponent currently controls lose 500 ATK until the end of this turn. You can only use each effect of \"Neo Kaiser Glider\" once per turn.",
  "level": 6,
  "atk": 2400,
  "def": 2200,
  "properties": [
    "Dragon",
    "Effect"
  ]
}
