{
  "id": 14398,
  "type": "monster",
  "name": "Infinitrack Mountain Smasher",
  "englishAttribute": "earth",
  "localizedAttribute": "EARTH",
  "effectText": "2 Level 7 monsters\nWhen this card destroys an opponent's monster by battle: You can attach that monster to this card as material. You can only use each of the following effects of \"Infinitrack Mountain Smasher\" once per turn.\n●You can detach 1 material from this card; it gains 1000 ATK.\n●If this card is in your GY: You can Tribute 1 Machine Link Monster; Special Summon this card in Defense Position.",
  "rank": 7,
  "atk": 2100,
  "def": 3100,
  "properties": [
    "Machine",
    "Xyz",
    "Effect"
  ]
}
