{
  "id": 14396,
  "type": "monster",
  "name": "Infinitrack Tunneller",
  "englishAttribute": "earth",
  "localizedAttribute": "EARTH",
  "effectText": "You can Tribute 1 EARTH Machine monster; Special Summon this card from your hand in Defense Position. You can banish this card from your GY, then target 5 EARTH Machine monsters in your GY; shuffle them into the Deck, then draw 2 cards. You can only use each effect of \"Infinitrack Tunneller\" once per turn.",
  "level": 5,
  "atk": 2200,
  "def": 500,
  "properties": [
    "Machine",
    "Effect"
  ]
}
