{
  "id": 14393,
  "type": "monster",
  "name": "Infinitrack Crab Crane",
  "englishAttribute": "earth",
  "localizedAttribute": "EARTH",
  "effectText": "You can Tribute 1 EARTH Machine monster; Special Summon this card from your hand in Defense Position. You can banish 1 Machine monster from your GY; add 1 \"Outrigger Extension\" from your Deck to your hand. You can only use each effect of \"Infinitrack Crab Crane\" once per turn.",
  "level": 5,
  "atk": 2100,
  "def": 500,
  "properties": [
    "Machine",
    "Effect"
  ]
}
