{
  "id": 14400,
  "type": "monster",
  "name": "Infinitrack Goliath",
  "englishAttribute": "earth",
  "localizedAttribute": "EARTH",
  "effectText": "1 non-Link \"Infinitrack\" monster\nIf this card is sent from the field to the GY: You can target 1 Xyz Monster you control; attach this card to that monster as material. You can only use this effect of \"Infinitrack Goliath\" once per turn. An Xyz Monster whose original Type is Machine and has this card as material gains this effect.\n●This card cannot be destroyed by card effects.",
  "linkRating": 1,
  "linkArrows": [
    "3"
  ],
  "atk": 1000,
  "properties": [
    "Machine",
    "Link",
    "Effect"
  ]
}
