{
  "id": 14423,
  "type": "spell",
  "name": "Evil Eye Domain - Pareidolia",
  "englishAttribute": "spell",
  "localizedAttribute": "SPELL",
  "effectText": "When this card is activated: You can add 1 \"Evil Eye\" monster from your Deck to your hand. Once per turn, during damage calculation, if your \"Evil Eye\" monster is attacked, while \"Evil Eye of Selene\" is in your Spell & Trap Zone: You can make the battle damage you take from this battle also inflicted to your opponent. If this card in the Field Zone is destroyed by card effect: You can target 1 \"Evil Eye\" monster in your GY; add it to your hand. You can only activate 1 \"Evil Eye Domain - Pareidolia\" per turn.",
  "englishProperty": "field",
  "localizedProperty": "Field"
}
