{
  "id": 14456,
  "type": "monster",
  "name": "Tenyi Spirit - Adhara",
  "englishAttribute": "earth",
  "localizedAttribute": "EARTH",
  "effectText": "If you control no Effect Monsters: You can Special Summon this card from your hand. If you control a face-up non-Effect Monster: You can banish this card from your hand or GY, then target 1 of your banished Wyrm monsters, except this card; add it to your hand. You can only use each effect of \"Tenyi Spirit - Adhara\" once per turn.",
  "level": 1,
  "atk": 0,
  "def": 0,
  "properties": [
    "Wyrm",
    "Tuner",
    "Effect"
  ]
}
