{
  "id": 14460,
  "type": "monster",
  "name": "Tenyi Spirit - Vishuda",
  "englishAttribute": "dark",
  "localizedAttribute": "DARK",
  "effectText": "If you control no Effect Monsters: You can Special Summon this card from your hand. If you control a face-up non-Effect Monster: You can banish this card from your hand or GY, then target 1 card your opponent controls; return it to the hand. You can only use each effect of \"Tenyi Spirit - Vishuda\" once per turn.",
  "level": 7,
  "atk": 1500,
  "def": 2500,
  "properties": [
    "Wyrm",
    "Effect"
  ]
}
