{
  "id": 14480,
  "type": "monster",
  "name": "Gizmek Orochi, the Serpentron Sky Slasher",
  "englishAttribute": "dark",
  "localizedAttribute": "DARK",
  "effectText": "If this card is in your hand or GY (Quick Effect): You can banish 8 cards from the top of your Deck face-down; Special Summon this card. You can banish 3 cards from your Extra Deck face-down, then target 1 face-up monster on the field; destroy it. You can only use 1 \"Gizmek Orochi, the Serpentron Sky Slasher\" effect per turn, and only once that turn.",
  "level": 8,
  "atk": 2450,
  "def": 2450,
  "properties": [
    "Machine",
    "Effect"
  ]
}
