{
  "id": 14492,
  "type": "monster",
  "name": "Shaman of the Tenyi",
  "englishAttribute": "fire",
  "localizedAttribute": "FIRE",
  "effectText": "2 Wyrm monsters\nYou can discard 1 card, then target 1 Wyrm monster in your GY; Special Summon it, also, for the rest of this turn, you cannot activate the effects of monsters Special Summoned from the Extra Deck, except \"Tenyi\" monsters. When an attack is declared involving your face-up non-Effect Monster: You can target 1 card your opponent controls; destroy it. You can only use each effect of \"Shaman of the Tenyi\" once per turn.",
  "linkRating": 2,
  "linkArrows": [
    "1",
    "3"
  ],
  "atk": 1600,
  "properties": [
    "Wyrm",
    "Link",
    "Effect"
  ]
}
