{
  "id": 14494,
  "type": "monster",
  "name": "Defender of the Labyrinth",
  "englishAttribute": "earth",
  "localizedAttribute": "EARTH",
  "effectText": "2 Normal Monsters\nNon-Effect Monsters you control gain 500 ATK, also all Effect Monsters your opponent controls lose 500 ATK. If this card in its owner's possession is destroyed by your opponent's card: You can target 1 non-Effect Monster in your GY; Special Summon it. You can only use this effect of \"Defender of the Labyrinth\" once per turn.",
  "linkRating": 2,
  "linkArrows": [
    "1",
    "3"
  ],
  "atk": 1400,
  "properties": [
    "Warrior",
    "Link",
    "Effect"
  ]
}
