{
  "id": 14517,
  "type": "trap",
  "name": "Marincess Current",
  "englishAttribute": "trap",
  "localizedAttribute": "TRAP",
  "effectText": "When a \"Marincess\" Link Monster you control destroys an opponent's monster by battle: Inflict damage to your opponent equal to the Link Rating of that monster you control x 400, then, if you destroyed an opponent's Link Monster by that battle while you controlled a Link-2 or higher \"Marincess\" monster, inflict damage to your opponent equal to that destroyed monster's Link Rating x 500. You can only activate 1 \"Marincess Current\" per turn. If you control a Link-3 or higher \"Marincess\" monster, you can activate this card from your hand."
}
