{
  "id": 14553,
  "type": "monster",
  "name": "Fortune Fairy Swee",
  "englishAttribute": "water",
  "localizedAttribute": "WATER",
  "effectText": "When you draw this card: You can reveal it; Special Summon it from your hand. If this card is Special Summoned from the hand: You can target 1 other face-up monster on the field; banish it until the Standby Phase of your next turn. You can only use each effect of \"Fortune Fairy Swee\" once per turn.",
  "level": 4,
  "atk": 0,
  "def": 0,
  "properties": [
    "Spellcaster",
    "Effect"
  ]
}
