{
  "id": 14579,
  "type": "monster",
  "name": "Progleo",
  "englishAttribute": "light",
  "localizedAttribute": "LIGHT",
  "effectText": "2 monsters, except Tokens\nDuring your Main Phase, if you control this Link Summoned card: You can banish this card and 1 of your monsters this card points to, then target 1 Link Monster in either GY; Special Summon it, but banish it when it leaves the field. You can only use this effect of \"Progleo\" once per turn.",
  "linkRating": 2,
  "linkArrows": [
    "4",
    "6"
  ],
  "atk": 1000,
  "properties": [
    "Cyberse",
    "Link",
    "Effect"
  ]
}
