{
  "id": 14599,
  "type": "spell",
  "name": "Perform Puppet",
  "englishAttribute": "spell",
  "localizedAttribute": "SPELL",
  "effectText": "You can banish 1 \"Gimmick Puppet\" monster from your GY; all monsters you currently control become that banished monster's Level, until the end of this turn (even if this card leaves the field). If a face-up \"Gimmick Puppet\" monster(s) you control is destroyed by battle or an opponent's card effect and sent to the GY: You can target 1 of your banished \"Gimmick Puppet\" monsters; Special Summon it. You can only use each effect of \"Perform Puppet\" once per turn.",
  "englishProperty": "continuous",
  "localizedProperty": "Continuous"
}
