{
  "id": 14607,
  "type": "monster",
  "name": "Link Apple",
  "englishAttribute": "fire",
  "localizedAttribute": "FIRE",
  "effectText": "You can reveal this card in your hand; banish (face-up) 1 random face-down card from your Extra Deck, then, Special Summon this card if the banished card was a Link Monster. Otherwise, discard this card, and if you do, draw 1 card. You can only use this effect of \"Link Apple\" once per turn.",
  "level": 1,
  "atk": 0,
  "def": 0,
  "properties": [
    "Cyberse",
    "Effect"
  ]
}
