{
  "id": 14627,
  "type": "spell",
  "name": "Crossout Designator",
  "englishAttribute": "spell",
  "localizedAttribute": "SPELL",
  "effectText": "Declare 1 card name; banish 1 of that declared card from your Main Deck, and if you do, negate its effects, as well as the activated effects and effects on the field of cards with the same original name, until the end of this turn. You can only activate 1 \"Crossout Designator\" per turn.",
  "englishProperty": "quickplay",
  "localizedProperty": "Quick-Play"
}
