{
  "id": 14634,
  "type": "monster",
  "name": "Dinowrestler Valeonyx",
  "englishAttribute": "earth",
  "localizedAttribute": "EARTH",
  "effectText": "If only your opponent controls a monster, you can Special Summon this card (from your hand). While you control a Link-3 or higher \"Dinowrestler\" monster, face-up monsters you control are unaffected by the activated effects of your opponent's Link-3 or lower monsters.",
  "level": 3,
  "atk": 1600,
  "def": 0,
  "properties": [
    "Dinosaur",
    "Effect"
  ]
}
