{
  "id": 14636,
  "type": "monster",
  "name": "Unchained Twins - Rakea",
  "englishAttribute": "water",
  "localizedAttribute": "WATER",
  "effectText": "(Quick Effect): You can target 1 card you control; destroy it, also you cannot Special Summon monsters for the rest of this turn, except Fiend monsters. If this card on the field is destroyed by card effect, except \"Unchained Twins - Rakea\", or by battle: You can Special Summon 1 \"Unchained\" monster from your hand or Deck, except \"Unchained Twins - Rakea\". You can only use each effect of \"Unchained Twins - Rakea\" once per turn.",
  "level": 3,
  "atk": 1500,
  "def": 1500,
  "properties": [
    "Fiend",
    "Effect"
  ]
}
