{
  "id": 14658,
  "type": "monster",
  "name": "Mimikuril",
  "englishAttribute": "dark",
  "localizedAttribute": "DARK",
  "effectText": "During your Main Phase: You can excavate the top card of your Deck, and if it is a monster, Special Summon it, and if you do, place this card on the bottom of the Deck. If it wasn't a monster, or couldn't be Special Summoned, place it on the bottom of the Deck. Place the monster Special Summoned by this effect on the bottom of the Deck during the End Phase. You can only use this effect of \"Mimikuril\" once per turn.",
  "level": 3,
  "atk": 0,
  "def": 0,
  "properties": [
    "Fiend",
    "Effect"
  ]
}
