{
  "id": 14745,
  "type": "monster",
  "name": "Mathmech Nabla",
  "englishAttribute": "dark",
  "localizedAttribute": "DARK",
  "effectText": "You can Tribute 1 Cyberse monster; Special Summon 1 \"Mathmech\" monster from your Deck. If this card is sent to the GY: You can target 1 Cyberse monster you control in the Extra Monster Zone; it can make up to 2 attacks on monsters during each Battle Phase this turn. You can only use each effect of \"Mathmech Nabla\" once per turn.",
  "level": 4,
  "atk": 1000,
  "def": 1500,
  "properties": [
    "Cyberse",
    "Tuner",
    "Effect"
  ]
}
