{
  "id": 14873,
  "type": "spell",
  "name": "Dragonmaid Send-Off",
  "englishAttribute": "spell",
  "localizedAttribute": "SPELL",
  "effectText": "Target 1 \"Dragonmaid\" monster you control; Special Summon 1 \"Dragonmaid\" monster with a different name from your hand, in Defense Position, and if you do, return that targeted monster to the hand. The Special Summoned monster cannot be destroyed by battle or card effects until the end of the next turn. You can only activate 1 \"Dragonmaid Send-Off\" per turn.",
  "englishProperty": "quickplay",
  "localizedProperty": "Quick-Play"
}
