{
  "id": 14888,
  "type": "trap",
  "name": "Fiendish Portrait",
  "englishAttribute": "trap",
  "localizedAttribute": "TRAP",
  "effectText": "Target 1 face-up monster your opponent controls; Special Summon 1 monster with that name from your Deck or Extra Deck, but shuffle it into the Deck during the End Phase of the next turn, also you cannot Special Summon monsters from the Deck or Extra Deck for the rest of this turn after this card resolves. You can only activate 1 \"Fiendish Portrait\" per turn."
}
