{
  "id": 14917,
  "type": "monster",
  "name": "Satellite Synchron",
  "englishAttribute": "dark",
  "localizedAttribute": "DARK",
  "effectText": "If a monster(s) is Special Summoned from your GY (except during the Damage Step): You can Special Summon this card from your hand. If you have a Synchro Monster with \"Warrior\", \"Synchron\", or \"Stardust\" in its original name on your field or GY: You can make this card's Level become 4 until the end of this turn. You can only use each effect of \"Satellite Synchron\" once per turn.",
  "level": 2,
  "atk": 700,
  "def": 100,
  "properties": [
    "Machine",
    "Tuner",
    "Effect"
  ]
}
