{
  "id": 14926,
  "type": "monster",
  "name": "Odd-Eyes Wizard Dragon",
  "englishAttribute": "dark",
  "localizedAttribute": "DARK",
  "effectText": "If this card is in your hand: You can Tribute 1 DARK monster; send 1 \"Odd-Eyes Dragon\" from your hand, Deck, or face-up field to the GY, and if you do, Special Summon this card. If this card in your possession is destroyed by an opponent's card and sent to your GY: You can Special Summon 1 \"Odd-Eyes\" monster from your Deck or GY, except \"Odd-Eyes Wizard Dragon\", then you can add 1 \"Spiral Flame Strike\" from your Deck to your hand.",
  "level": 7,
  "atk": 2500,
  "def": 2500,
  "properties": [
    "Dragon",
    "Effect"
  ]
}
