{
  "id": 14939,
  "type": "monster",
  "name": "Reptilianne Echidna",
  "englishAttribute": "dark",
  "localizedAttribute": "DARK",
  "effectText": "2 monsters, including a Reptile monster\nIf this card is Link Summoned: You can target 1 face-up monster your opponent controls; change its ATK to 0. During your Main Phase, if your opponent controls a monster(s) with 0 ATK: You can add Reptile monsters with different names from your Deck to your hand, up to the number of monsters your opponent controls with 0 ATK, also, you cannot Special Summon monsters from the Extra Deck for the rest of this turn, except Reptile monsters. You can only use each effect of \"Reptilianne Echidna\" once per turn.",
  "linkRating": 2,
  "linkArrows": [
    "4",
    "3"
  ],
  "atk": 200,
  "properties": [
    "Reptile",
    "Link",
    "Effect"
  ]
}
