{
  "id": 14944,
  "type": "monster",
  "name": "Predaplant Verte Anaconda",
  "englishAttribute": "dark",
  "localizedAttribute": "DARK",
  "effectText": "2 Effect Monsters\nYou can target 1 face-up monster on the field; it becomes DARK until the end of this turn. You can pay 2000 LP and send 1 \"Fusion\" or \"Polymerization\" Normal or Quick-Play Spell from your Deck to the GY; this effect becomes that Spell's effect when that card is activated, also, you cannot Special Summon monsters for the rest of this turn. You can only use each effect of \"Predaplant Verte Anaconda\" once per turn.",
  "linkRating": 2,
  "linkArrows": [
    "1",
    "3"
  ],
  "atk": 500,
  "properties": [
    "Plant",
    "Link",
    "Effect"
  ]
}
