{
  "id": 14990,
  "type": "monster",
  "name": "Gouki Iron Claw",
  "englishAttribute": "earth",
  "localizedAttribute": "EARTH",
  "effectText": "During the Damage Step, when your \"Gouki\" monster battles an opponent's monster (Quick Effect): You can send this card from your hand to the GY; until the end of this turn, your monster gains 500 ATK, and if it does, it is unaffected by your opponent's card effects. If this card is sent from the field to the GY: You can add 1 \"Gouki\" card from your Deck to your hand, except \"Gouki Iron Claw\". You can only use each effect of \"Gouki Iron Claw\" once per turn.",
  "level": 2,
  "atk": 1000,
  "def": 0,
  "properties": [
    "Warrior",
    "Effect"
  ]
}
