{
  "id": 15118,
  "type": "monster",
  "name": "Teardrop the Rikka Queen",
  "englishAttribute": "water",
  "localizedAttribute": "WATER",
  "effectText": "2 Level 8 monsters\nYou can detach 1 material from this card, then target 1 monster on the field; Tribute it. This is a Quick Effect if this card has a Plant monster as material. You can only use this effect of \"Teardrop the Rikka Queen\" once per turn. Each time a monster(s) is Tributed: This card gains 200 ATK for each, until the end of this turn.",
  "rank": 8,
  "atk": 2800,
  "def": 2800,
  "properties": [
    "Plant",
    "Xyz",
    "Effect"
  ]
}
