{
  "id": 15139,
  "type": "monster",
  "name": "Chaos Summoning Beast",
  "englishAttribute": "dark",
  "localizedAttribute": "DARK",
  "effectText": "You can Tribute this card; Special Summon 1 \"Uria, Lord of Searing Flames\", \"Hamon, Lord of Striking Thunder\", or \"Raviel, Lord of Phantasms\", from your hand, ignoring its Summoning conditions. You can banish this card from your GY; add 1 \"Fallen Paradise\" from your Deck to your hand. You can only use each effect of \"Chaos Summoning Beast\" once per turn.",
  "level": 1,
  "atk": 0,
  "def": 0,
  "properties": [
    "Fiend",
    "Effect"
  ]
}
