{
  "id": 15241,
  "type": "monster",
  "name": "Dogmatika Adin, the Enlightened",
  "englishAttribute": "light",
  "localizedAttribute": "LIGHT",
  "effectText": "Cannot be destroyed by battle with a monster Special Summoned from the Extra Deck. You can only use each of the following effects of \"Dogmatika Adin, the Enlightened\" once per turn. If a monster Special Summoned from the Extra Deck is on the field: You can Special Summon this card from your hand. If this card on the field is destroyed by battle or card effect: You can Special Summon 1 \"Dogmatika\" monster from your Deck, except \"Dogmatika Adin, the Enlightened\".",
  "level": 4,
  "atk": 1000,
  "def": 1800,
  "properties": [
    "Spellcaster",
    "Effect"
  ]
}
