{
  "id": 15263,
  "type": "monster",
  "name": "Nemeses Keystone",
  "englishAttribute": "earth",
  "localizedAttribute": "EARTH",
  "effectText": "You can target 1 of your banished monsters, except \"Nemeses Keystone\"; Special Summon this card from your hand, and if you do, shuffle that target into the Deck. During the End Phase, if this card is currently banished, and was banished this turn: You can add this card to your hand. You can only use each effect of \"Nemeses Keystone\" once per turn.",
  "level": 1,
  "atk": 700,
  "def": 0,
  "properties": [
    "Rock",
    "Effect"
  ]
}
