{
  "id": 15286,
  "type": "spell",
  "name": "Nadir Servant",
  "englishAttribute": "spell",
  "localizedAttribute": "SPELL",
  "effectText": "Send 1 monster from your Extra Deck to the GY, then add 1 \"Dogmatika\" monster or \"Fallen of Albaz\" from your Deck or GY to your hand, that has ATK less than or equal to that sent monster in the GY, also, for the rest of this turn after this card resolves, you cannot Special Summon monsters from the Extra Deck. You can only activate 1 \"Nadir Servant\" per turn."
}
