{
  "id": 15320,
  "type": "monster",
  "name": "Bluebeard, the Plunder Patroll Shipwright",
  "englishAttribute": "water",
  "localizedAttribute": "WATER",
  "effectText": "If you control a \"Plunder Patroll\" monster, except \"Bluebeard, the Plunder Patroll Shipwright\": You can Special Summon this card from your hand. If this card is sent from the hand or Monster Zone to the GY: You can discard 1 card; draw 1 card. You can only use each effect of \"Bluebeard, the Plunder Patroll Shipwright\" once per turn.",
  "level": 4,
  "atk": 500,
  "def": 1000,
  "properties": [
    "Fiend",
    "Effect"
  ]
}
