{
  "id": 15379,
  "type": "monster",
  "name": "Number C1: Numeron Chaos Gate Sunya",
  "englishAttribute": "dark",
  "localizedAttribute": "DARK",
  "effectText": "4 Level 2 monsters\nYou can also Xyz Summon this card by using \"Number 1: Numeron Gate Ekam\" you control as material. (Transfer its materials to this card.) If this card is Xyz Summoned: Banish all monsters on the field. Once per turn, during your next Standby Phase after this card was banished: You can Special Summon this banished card, then if \"Numeron Network\" is in your Field Zone, inflict damage to your opponent equal to the combined ATK of all banished Xyz Monsters.",
  "rank": 2,
  "atk": 2000,
  "def": 1000,
  "properties": [
    "Machine",
    "Xyz",
    "Effect"
  ]
}
