{
  "id": 15394,
  "type": "monster",
  "name": "Appliancer Breakerbuncle",
  "englishAttribute": "water",
  "localizedAttribute": "WATER",
  "effectText": "During damage calculation, if an \"Appliancer\" monster you control battles an opponent's monster (Quick Effect): You can discard this card; for that battle, that monster you control cannot be destroyed, also you take no battle damage. If an \"Appliancer\" monster(s) you control would be destroyed by a card effect, you can banish this card from your field or GY instead.",
  "level": 1,
  "atk": 0,
  "def": 0,
  "properties": [
    "Machine",
    "Effect"
  ]
}
