{
  "id": 15470,
  "type": "monster",
  "name": "Toon Black Luster Soldier",
  "englishAttribute": "earth",
  "localizedAttribute": "EARTH",
  "effectText": "Cannot be Normal Summoned/Set. Must first be Special Summoned (from your hand) by Tributing Toon monsters from your hand or field, whose total Levels equal 8 or more. While you control \"Toon World\" and your opponent controls no Toon monsters, this card can attack directly. Once per turn, if you control \"Toon World\": You can target 1 card on the field; banish it, also this card cannot attack the turn this effect is activated.",
  "level": 8,
  "atk": 3000,
  "def": 2500,
  "properties": [
    "Warrior",
    "Toon",
    "Effect"
  ]
}
