{
  "id": 15483,
  "type": "monster",
  "name": "Raidraptor - Heel Eagle",
  "englishAttribute": "dark",
  "localizedAttribute": "DARK",
  "effectText": "If all monsters you control are \"Raidraptor\" monsters (min. 1): You can Special Summon this card from your hand. You can banish this card from your GY, then target 1 \"Raidraptor\" Spell/Trap in your GY; add it to your hand. You can only use each effect of \"Raidraptor - Heel Eagle\" once per turn.",
  "level": 3,
  "atk": 700,
  "def": 700,
  "properties": [
    "Winged Beast",
    "Effect"
  ]
}
