{
  "id": 15480,
  "type": "monster",
  "name": "Raider's Wing",
  "englishAttribute": "dark",
  "localizedAttribute": "DARK",
  "effectText": "(This card is always treated as a \"The Phantom Knights\" and \"Raidraptor\" card.)\nIf this card is in your hand or GY: You can detach 1 material from your DARK Xyz Monster; Special Summon this card, but banish it when it leaves the field. You can only use this effect of \"Raider's Wing\" once per turn. An Xyz Monster whose original Attribute is DARK and has this card as material gains this effect.\n●Your opponent cannot target this card with card effects.",
  "level": 4,
  "atk": 0,
  "def": 2000,
  "properties": [
    "Winged Beast",
    "Effect"
  ]
}
