{
  "id": 15504,
  "type": "monster",
  "name": "Rock Band Xenoguitar",
  "englishAttribute": "earth",
  "localizedAttribute": "EARTH",
  "effectText": "If this card is sent to the GY: You can target 1 Rock monster in your GY, except \"Rock Band Xenoguitar\"; add it to your hand, then place 1 card from your hand on top of the Deck. If this card is banished from the field or GY: You can send 1 Rock monster from your Deck to the GY. You can only use each effect of \"Rock Band Xenoguitar\" once per turn.",
  "level": 4,
  "atk": 1000,
  "def": 2000,
  "properties": [
    "Rock",
    "Effect"
  ]
}
