{
  "id": 15508,
  "type": "monster",
  "name": "Hinezumi Hanabi",
  "englishAttribute": "fire",
  "localizedAttribute": "FIRE",
  "effectText": "Cannot be used as a material for a Fusion, Synchro, Xyz, or Link Summon. If this card is Normal or Special Summoned: Place 6 counters on it. Once per turn, during your End Phase: Give control of this card to your opponent. Once per turn, if control of this face-up card with a counter(s) changes: Roll a six-sided die, remove as many counters from this card as possible, up to the result, and if all of this card's counters are removed by this effect, destroy this card, and if you do, take 2000 damage.",
  "level": 4,
  "atk": 2000,
  "def": 200,
  "properties": [
    "Beast",
    "Effect"
  ]
}
