{
  "id": 15506,
  "type": "monster",
  "name": "Gluttonous Reptolphin Greethys",
  "englishAttribute": "water",
  "localizedAttribute": "WATER",
  "effectText": "You can target 1 Fish, Sea Serpent, or Aqua monster in your GY with an equal or lower Level than the number of cards in your opponent's hand; Special Summon it, but it cannot activate its effects this turn. You can only use this effect of \"Gluttonous Reptolphin Greethys\" once per turn. If this card is sent to the GY as Synchro Material: You can make the Synchro Monster that used this card as material gain 200 ATK/DEF for each card currently in your opponent's hand.",
  "level": 3,
  "atk": 1000,
  "def": 1000,
  "properties": [
    "Fish",
    "Tuner",
    "Effect"
  ]
}
