{
  "id": 15510,
  "type": "monster",
  "name": "Brigrand the Glory Dragon",
  "englishAttribute": "dark",
  "localizedAttribute": "DARK",
  "effectText": "\"Fallen of Albaz\" + 1 Level 8 or higher monster\nCannot be destroyed by battle. While you control this Fusion Summoned card, your opponent cannot target other monsters you control with monster effects. During the End Phase, if this card is in the GY because it was sent there this turn: You can add to your hand, or Special Summon, 1 \"Tri-Brigade\" monster or 1 \"Fallen of Albaz\" from your Deck. You can only use this effect of \"Brigrand the Glory Dragon\" once per turn.",
  "level": 8,
  "atk": 2500,
  "def": 2000,
  "properties": [
    "Beast",
    "Fusion",
    "Effect"
  ]
}
