{
  "id": 15535,
  "type": "spell",
  "name": "Virtual World Gate - Qinglong",
  "englishAttribute": "spell",
  "localizedAttribute": "SPELL",
  "effectText": "You can banish 1 \"Virtual World\" card from your GY, then target 1 face-up monster on the field; negate its effects until the end of this turn (even if this card leaves the field). You can banish this card from your GY; add 1 \"Virtual World\" monster from your Deck to your hand, then send 1 card from your hand to the GY. You can only use each effect of \"Virtual World Gate - Qinglong\" once per turn.",
  "englishProperty": "continuous",
  "localizedProperty": "Continuous"
}
