{
  "id": 15576,
  "type": "monster",
  "name": "Samsara Dragon",
  "englishAttribute": "light",
  "localizedAttribute": "LIGHT",
  "effectText": "This card can be treated as 2 Tributes for the Tribute Summon of a Dragon monster. You can banish this card from your GY, then target 1 Level 5 or higher Dragon monster in your GY; add it to your hand, then, immediately after this effect resolves, you can Tribute Summon that monster. You can only use this effect of \"Samsara Dragon\" once per turn.",
  "level": 1,
  "atk": 0,
  "def": 0,
  "properties": [
    "Dragon",
    "Effect"
  ]
}
