{
  "id": 15716,
  "type": "monster",
  "name": "Ancient Warriors - Rebellious Lu Feng",
  "englishAttribute": "dark",
  "localizedAttribute": "DARK",
  "effectText": "Cannot be Normal Summoned/Set. Must be Special Summoned (from your hand) by controlling the highest ATK \"Ancient Warriors\" monster on the field (even if it's tied). You can only Special Summon \"Ancient Warriors - Rebellious Lu Feng\" once per turn this way. Once per turn, during the Main Phase (Quick Effect): You can destroy the 1 face-up monster your opponent controls with the highest ATK (your choice, if tied), also you cannot activate monster effects the turn you activate this effect, except \"Ancient Warriors\" monsters'. Once per turn, during the End Phase, if your opponent controls a monster with the highest ATK on the field (even if tied): Give control of this card to your opponent.",
  "level": 8,
  "atk": 2800,
  "def": 2200,
  "properties": [
    "Beast-Warrior",
    "Effect"
  ]
}
