{
  "id": 15737,
  "type": "monster",
  "name": "Springans Ship - Exblowrer",
  "englishAttribute": "fire",
  "localizedAttribute": "FIRE",
  "effectText": "2+ Level 8 monsters\nYou can choose 1 of your opponent's Monster Zones or Spell & Trap Zones; detach any number of materials from this card, and if you do, destroy the same number of cards your opponent controls in that chosen zone and its adjacent Monster Zones and/or Spell & Trap Zones. During your opponent's Main or Battle Phase (Quick Effect): You can banish this card until the End Phase. You can only use each effect of \"Springans Ship - Exblowrer\" once per turn.",
  "rank": 8,
  "atk": 1600,
  "def": 2500,
  "properties": [
    "Machine",
    "Xyz",
    "Effect"
  ]
}
