{
  "id": 15840,
  "type": "monster",
  "name": "Golden-Eyes Idol",
  "englishAttribute": "dark",
  "localizedAttribute": "DARK",
  "effectText": "Once per turn (Quick Effect): You can activate this effect; look at your opponent's hand, also this card's name becomes \"Thousand-Eyes Idol\" until the End Phase. If this card is banished, or sent to the GY by card effect: You can target 1 Effect Monster your opponent controls; equip that Effect Monster to 1 \"Eyes Restrict\" or \"Relinquished\" monster you control that cannot be Normal Summoned. While equipped by this effect, that monster gains ATK equal to the ATK of the equipped monster. You can only use this effect of \"Golden-Eyes Idol\" once per turn.",
  "level": 1,
  "atk": 0,
  "def": 0,
  "properties": [
    "Spellcaster",
    "Effect"
  ]
}
