{
  "id": 15854,
  "type": "monster",
  "name": "Galaxy-Eyes Cipher X Dragon",
  "englishAttribute": "light",
  "localizedAttribute": "LIGHT",
  "effectText": "2 Level 10 monsters\nOnce per turn, you can also Xyz Summon \"Galaxy-Eyes Cipher X Dragon\" by using a \"Cipher Dragon\" monster you control as material. (Transfer its materials to this card.) You can detach 2 materials from this card; your opponent cannot target LIGHT monsters you control with card effects, until the end of your opponent's turn. Once per turn, during your Standby Phase: You can return 1 Rank 9 or lower Dragon Xyz Monster from your GY to the Extra Deck, then you can Special Summon that monster from your Extra Deck, by using this card you control as material. (This is treated as an Xyz Summon. Transfer this card's materials to the Summoned monster.)",
  "rank": 10,
  "atk": 4000,
  "def": 3000,
  "properties": [
    "Dragon",
    "Xyz",
    "Effect"
  ]
}
