{
  "id": 15863,
  "type": "monster",
  "name": "Sunavalon Dryanome",
  "englishAttribute": "earth",
  "localizedAttribute": "EARTH",
  "effectText": "2+ Plant monsters\nThis card cannot be targeted for attacks, but does not prevent your opponent from attacking you directly. Three times per turn, if you take battle or effect damage: You can gain that much LP, and if you do, Special Summon 1 \"Sunvine\" monster from your Extra Deck. Once per turn, when a monster this card points to is targeted for an attack: You can negate the attack, and if you do, move that monster you control to another of your Main Monster Zones.",
  "linkRating": 3,
  "linkArrows": [
    "1",
    "2",
    "3"
  ],
  "atk": 0,
  "properties": [
    "Plant",
    "Link",
    "Effect"
  ]
}
