{
  "id": 16075,
  "type": "monster",
  "name": "Keurse, the Ogdoadic Light",
  "englishAttribute": "light",
  "localizedAttribute": "LIGHT",
  "effectText": "If this card is in your GY: You can Tribute 1 monster; Special Summon this card, then your opponent can Special Summon 1 monster from their GY, but negate its effects. If this card is Special Summoned: You can target 1 Level 4 or lower \"Ogdoadic\" monster in your GY; Special Summon it, but banish it when it leaves the field. You can only use each effect of \"Keurse, the Ogdoadic Light\" once per turn.",
  "level": 8,
  "atk": 400,
  "def": 2400,
  "properties": [
    "Reptile",
    "Effect"
  ]
}
