{
  "id": 16238,
  "type": "monster",
  "name": "Dispatchparazzi",
  "englishAttribute": "dark",
  "localizedAttribute": "DARK",
  "effectText": "2 Effect Monsters\nWhen another monster you control is targeted for an attack: You can change the attack target to this card, and perform damage calculation. When this card is destroyed by battle with an opponent's monster: You can destroy that opponent's monster, and if you do, gain LP equal to half that monster's original ATK. You can only use each effect of \"Dispatchparazzi\" once per turn.",
  "linkRating": 2,
  "linkArrows": [
    "4",
    "6"
  ],
  "atk": 100,
  "properties": [
    "Fiend",
    "Link",
    "Effect"
  ]
}
