{
  "id": 16230,
  "type": "monster",
  "name": "Stellar Wind Wolfrayet",
  "englishAttribute": "wind",
  "localizedAttribute": "WIND",
  "effectText": "1 Tuner + 1+ non-Tuner monsters\nYou can only control 1 \"Stellar Wind Wolfrayet\". Gains 300 ATK each time another monster's effect is activated, while the ATK of this card is less than 4000. Once per turn, if this card's ATK is 4000 or higher (Quick Effect): You can shuffle both this card and all monsters your opponent controls into the Deck.",
  "level": 9,
  "atk": 2500,
  "def": 0,
  "properties": [
    "Beast",
    "Synchro",
    "Effect"
  ]
}
