{
  "id": 16254,
  "type": "spell",
  "name": "High Ritual Art",
  "englishAttribute": "spell",
  "localizedAttribute": "SPELL",
  "effectText": "This card can be used to Ritual Summon any Ritual Monster from your Deck. You must also Tribute Normal Monsters from your hand whose total Levels equal the Level of the Ritual Monster you Ritual Summon. Shuffle that Ritual Monster into the Deck during your opponent's End Phase. You can only activate 1 \"High Ritual Art\" per turn.",
  "englishProperty": "ritual",
  "localizedProperty": "Ritual"
}
