{
  "id": 16273,
  "type": "monster",
  "name": "Pendransaction",
  "englishAttribute": "water",
  "localizedAttribute": "WATER",
  "effectText": "2 Level 4 monsters\nYou can detach 1 material from this card; if you have more cards in your Extra Deck than your opponent's, apply these effects in sequence, depending on the difference.\n●1+: This card gains 1000 ATK until the end of your opponent's turn.\n●5+: Neither player can target this card with card effects until the end of your opponent's turn.\n●10+: Banish 1 card your opponent controls.\n●15+: Make your opponent's LP 3000.\nYou can only use this effect of \"Pendransaction\" once per turn.",
  "rank": 4,
  "atk": 2000,
  "def": 1000,
  "properties": [
    "Cyberse",
    "Xyz",
    "Effect"
  ]
}
