{
  "id": 16419,
  "type": "monster",
  "name": "ZW - Sylphid Wing",
  "englishAttribute": "light",
  "localizedAttribute": "LIGHT",
  "effectText": "You can only control 1 \"ZW - Sylphid Wing\". You can target 1 \"Utopia\" monster you control; equip this card from your hand or field to it. It gains 800 ATK. Once per turn, if a monster(s) is Special Summoned by your opponent's activated effect: You can make the equipped monster gain 1600 ATK. (This ATK gain remains even if this card leaves the field or the monster becomes unaffected by card effects.) If you activate the equipped monster's effect by detaching its material, you can send this card to the GY instead of 1 of those materials.",
  "level": 4,
  "atk": 800,
  "def": 1600,
  "properties": [
    "Beast",
    "Effect"
  ]
}
