{
  "id": 16466,
  "type": "monster",
  "name": "Deep Sea Repetiteur",
  "englishAttribute": "water",
  "localizedAttribute": "WATER",
  "effectText": "\"Deep Sea Diva\" + 1+ non-Tuner monsters\nOnce per turn (Quick Effect): You can discard 1 Level 4 or lower WATER monster; this card gains 800 ATK until the end of this turn. If this Synchro Summoned card is sent to your GY: You can target 1 Level 5 or higher WATER monster in your GY, except \"Deep Sea Repetiteur\"; Special Summon it in Defense Position, also you cannot Special Summon monsters for the rest of this turn, except WATER monsters. You can only use this effect of \"Deep Sea Repetiteur\" once per turn.",
  "level": 5,
  "atk": 1800,
  "def": 1500,
  "properties": [
    "Sea Serpent",
    "Synchro",
    "Tuner",
    "Effect"
  ]
}
