{
  "id": 16496,
  "type": "monster",
  "name": "Icejade Tremora",
  "englishAttribute": "water",
  "localizedAttribute": "WATER",
  "effectText": "You can send this card from your hand to the GY; Special Summon 1 WATER monster from your hand. If a face-up WATER monster(s) you control is destroyed by battle or card effect, while this card is in your GY: You can banish this card; Special Summon 1 \"Icejade\" monster from your hand or GY, except \"Icejade Tremora\". You can only use each effect of \"Icejade Tremora\" once per turn.",
  "level": 5,
  "atk": 1500,
  "def": 1500,
  "properties": [
    "Aqua",
    "Effect"
  ]
}
