{
  "id": 16562,
  "type": "trap",
  "name": "Break the Destiny",
  "englishAttribute": "trap",
  "localizedAttribute": "TRAP",
  "effectText": "Target 1 Level 8 or higher \"Destiny HERO\" monster, or 1 \"Destiny End Dragoon\", you control; destroy it, and if you do, your opponent skips their next Main Phase 1. You can banish this card from your GY; add 1 Spell/Trap from your Deck to your hand that specifically lists a \"Destiny HERO\" monster's card name or \"Destiny End Dragoon\" in its text, except \"Break the Destiny\". You can only use 1 \"Break the Destiny\" effect per turn, and only once that turn."
}
