{
  "id": 16619,
  "type": "monster",
  "name": "Mystical Elf - White Lightning",
  "englishAttribute": "light",
  "localizedAttribute": "LIGHT",
  "effectText": "When a monster your opponent controls activates its effect, while you control a Level 5 or higher Normal Monster (Quick Effect): You can Special Summon this card from your hand, and if you do, negate that effect. During your opponent's Battle Phase (Quick Effect): You can target 1 Normal Monster in either GY; Special Summon it to your field, and if you do, all monsters your opponent controls must attack that monster this turn, if able, while you control it. You can only use each effect of \"Mystical Elf - White Lightning\" once per turn.",
  "level": 4,
  "atk": 800,
  "def": 2000,
  "properties": [
    "Spellcaster",
    "Effect"
  ]
}
