{
  "id": 16621,
  "type": "monster",
  "name": "Giltia the D. Knight - Soul Spear",
  "englishAttribute": "light",
  "localizedAttribute": "LIGHT",
  "effectText": "If you control no monsters, you can Normal Summon this card without Tributing. When this card is Normal Summoned: You can banish 1 monster your opponent controls with equal or higher ATK than this card. You can discard 1 card; add 1 of the following monsters from your Deck to your hand.\n●Level 7 DARK Dragon\n●Level 6 DARK Machine\n●Level 5 WATER Warrior\nYou can only use this effect of \"Giltia the D. Knight - Soul Spear\" once per turn.",
  "level": 5,
  "atk": 1850,
  "def": 1500,
  "properties": [
    "Warrior",
    "Effect"
  ]
}
