{
  "id": 16645,
  "type": "monster",
  "name": "Majesty Hyperion",
  "englishAttribute": "dark",
  "localizedAttribute": "DARK",
  "effectText": "You can Special Summon this card (from your hand or GY) by banishing 1 \"The Agent\" monster from your hand, field, or GY. You can only Special Summon \"Majesty Hyperion\" once per turn this way. Any battle damage you take from battles involving your Fairy monsters is also inflicted to your opponent. Once per turn: You can banish 1 Fairy monster from your hand or GY, then target 1 card in either GY; banish it. If \"The Sanctuary in the Sky\" is on the field or in either GY, you can use this effect up to twice per turn.",
  "level": 8,
  "atk": 2100,
  "def": 2700,
  "properties": [
    "Fairy",
    "Effect"
  ]
}
