{
  "id": 16654,
  "type": "spell",
  "name": "Magician's Salvation",
  "englishAttribute": "spell",
  "localizedAttribute": "SPELL",
  "effectText": "When this card is activated: You can Set 1 \"Eternal Soul\" directly from your Deck. If you Normal or Special Summon \"Dark Magician\" or \"Dark Magician Girl\" (except during the Damage Step): You can target 1 of those monsters; Special Summon 1 \"Dark Magician\" or \"Dark Magician Girl\" from your GY, with a different name than that monster. You can only use this effect of \"Magician's Salvation\" once per turn. You can only activate 1 \"Magician's Salvation\" per turn.",
  "englishProperty": "field",
  "localizedProperty": "Field"
}
