{
  "id": 16650,
  "type": "monster",
  "name": "Masterflare Hyperion",
  "englishAttribute": "light",
  "localizedAttribute": "LIGHT",
  "effectText": "1 Tuner + 1+ non-Tuner Fairy monsters\nYou can send 1 \"The Agent\" monster, or 1 monster that mentions \"The Sanctuary in the Sky\", from your hand, Deck, or Extra Deck to the GY; until the End Phase, this card's name becomes that monster's original name, and replace this effect with that monster's original effects. When your opponent activates a card or effect (Quick Effect): You can banish 1 Fairy monster from your hand or GY, then target 1 card on the field; banish it. You can only use each effect of \"Masterflare Hyperion\" once per turn.",
  "level": 10,
  "atk": 3200,
  "def": 2600,
  "properties": [
    "Fairy",
    "Synchro",
    "Effect"
  ]
}
