{
  "id": 16729,
  "type": "monster",
  "name": "Noh-P.U.N.K. Ogre Dance",
  "englishAttribute": "dark",
  "localizedAttribute": "DARK",
  "effectText": "Once per turn, when your opponent activates a monster effect (Quick Effect): You can make this card gain ATK equal to that opponent's monster's original ATK until the end of this turn. You can only use each of the following effects of \"Noh-P.U.N.K. Ogre Dance\" once per turn. You can Tribute 1 \"P.U.N.K.\" monster; Special Summon this card from your hand. You can send this card from your hand or field to the GY; add 1 \"P.U.N.K.\" monster from your Deck to your hand, except a Level 8 monster.",
  "level": 8,
  "atk": 2500,
  "def": 2000,
  "properties": [
    "Fiend",
    "Effect"
  ]
}
