{
  "id": 16730,
  "type": "monster",
  "name": "Ukiyoe-P.U.N.K. Rising Carp",
  "englishAttribute": "water",
  "localizedAttribute": "WATER",
  "effectText": "2 \"P.U.N.K.\" monsters\nYou can Tribute this Fusion Summoned card; Special Summon up to 2 \"P.U.N.K.\" monsters with different names from each other from your hand and/or Deck, except Level 8 monsters, in Defense Position. If you Synchro Summoned using this card as material: You can target 1 \"P.U.N.K.\" monster you control; it can make a second attack during each Battle Phase this turn. You can only use each effect of \"Ukiyoe-P.U.N.K. Rising Carp\" once per turn.",
  "level": 8,
  "atk": 1000,
  "def": 2600,
  "properties": [
    "Fish",
    "Fusion",
    "Effect"
  ]
}
