{
  "id": 16754,
  "type": "spell",
  "name": "Starlit Papillon",
  "englishAttribute": "spell",
  "localizedAttribute": "SPELL",
  "effectText": "Equip only to a monster you control. You can only control 1 \"Starlit Papillon\". Monsters your opponent controls lose 500 ATK for each monster you control with a different name that mentions \"Adventurer Token\". If this card is sent to the GY: You can target 1 \"Adventurer Token\" you control; equip this card to that target. You can only use this effect of \"Starlit Papillon\" once per turn.",
  "englishProperty": "equip",
  "localizedProperty": "Equip"
}
