{
  "id": 16823,
  "type": "monster",
  "name": "Neiroy, the Dream Mirror Traitor",
  "englishAttribute": "dark",
  "localizedAttribute": "DARK",
  "effectText": "If this card is Normal or Special Summoned: You can add 1 \"Neiroy, the Dream Mirror Disciple\" from your Deck to your hand, then you can make this card become LIGHT. You can Tribute 1 other \"Dream Mirror\" monster; choose 1 \"Dream Mirror\" monster from your Deck with a different Level than the Tributed monster, add 1 \"Dream Mirror of Joy\" or 1 \"Dream Mirror of Terror\" from your Deck to your hand that is mentioned on that chosen monster, and Special Summon that chosen monster in Defense Position. You can only use each effect of \"Neiroy, the Dream Mirror Traitor\" once per turn.",
  "level": 3,
  "atk": 1000,
  "def": 1000,
  "properties": [
    "Fiend",
    "Effect"
  ]
}
