{
  "id": 17067,
  "type": "trap",
  "name": "Branded Sword",
  "englishAttribute": "trap",
  "localizedAttribute": "TRAP",
  "effectText": "Banish any number of \"Branded\" Spells/Traps from your GY; Special Summon that many \"Iceblade Tokens\" (Dragon/DARK/Level 8/ATK 2500/DEF 2000). You can banish this card from your GY, then target 1 of your banished monsters that is \"Fallen of Albaz\" or mentions it; add that monster to your hand. You can only use 1 \"Branded Sword\" effect per turn, and only once that turn."
}
