{
  "id": 17145,
  "type": "monster",
  "name": "Odd-Eyes Pendulumgraph Dragon",
  "englishAttribute": "light",
  "localizedAttribute": "LIGHT",
  "effectText": "You can Ritual Summon this card with \"Odd-Eyes Advent\". Must be either Ritual Summoned, or Pendulum Summoned from your hand. Each time your opponent Special Summons a monster(s) from the Extra Deck, inflict 300 damage to them. Once per turn, when your opponent activates a Spell Card or effect (Quick Effect): You can place this card in your Pendulum Zone, and if you do, negate that effect, then, if you placed this Ritual Summoned card in the Pendulum Zone, you can Special Summon 1 \"Odd-Eyes\" monster from your Extra Deck.",
  "pendEffect": "During the End Phase: You can add 1 Ritual Spell from your Deck or GY to your hand, then return this card to the hand. You can only use this effect of \"Odd-Eyes Pendulumgraph Dragon\" once per turn.",
  "pendScale": 4,
  "level": 7,
  "atk": 2700,
  "def": 2500,
  "properties": [
    "Dragon",
    "Ritual",
    "Pendulum",
    "Effect"
  ]
}
