{
  "id": 17171,
  "type": "spell",
  "name": "Zombie Reborn",
  "englishAttribute": "spell",
  "localizedAttribute": "SPELL",
  "effectText": "Target 1 Zombie monster in either GY; banish 1 monster with the same name from your Deck or Extra Deck, and if you do, Special Summon the targeted monster to your field. If this card is in your GY: You can shuffle 1 of your banished Zombie monsters into the Deck, and if you do, Set this card, but banish it when it leaves the field. You can only use 1 \"Zombie Reborn\" effect per turn, and only once that turn."
}
