{
  "id": 17369,
  "type": "trap",
  "name": "Welcome Labrynth",
  "englishAttribute": "trap",
  "localizedAttribute": "TRAP",
  "effectText": "Special Summon 1 \"Labrynth\" monster from your Deck, also until the end of the next turn after this card resolves, you cannot Special Summon monsters from the Deck or Extra Deck, except Fiend monsters. If a monster leaves the field by your Normal Trap effect, while this card is in your GY, except the turn it was sent there: You can Set this card. You can only use each effect of \"Welcome Labrynth\" once per turn."
}
