{
  "id": 17376,
  "type": "spell",
  "name": "Runick Freezing Curses",
  "englishAttribute": "spell",
  "localizedAttribute": "SPELL",
  "effectText": "Activate 1 of these effects, but skip your next Battle Phase after activation;\n●Target 1 Effect Monster your opponent controls; negate its effects (until the end of this turn), then banish the top 3 cards of your opponent's Deck.\n●Special Summon 1 \"Runick\" monster from your Extra Deck to the Extra Monster Zone.\nYou can only activate 1 \"Runick Freezing Curses\" per turn.",
  "englishProperty": "quickplay",
  "localizedProperty": "Quick-Play"
}
