{
  "id": 17391,
  "type": "monster",
  "name": "Patissciel Couverture",
  "englishAttribute": "dark",
  "localizedAttribute": "DARK",
  "effectText": "2 Pendulum Monsters\nIf this card in the Monster Zone is destroyed: You can place this card in your Pendulum Zone.",
  "pendEffect": "If you have no card in your other Pendulum Zone: You can place 1 face-up Pendulum Monster from your Extra Deck in your Pendulum Zone. You can only use this effect of \"Patissciel Couverture\" once per turn.",
  "pendScale": 1,
  "level": 5,
  "atk": 1700,
  "def": 700,
  "properties": [
    "Fairy",
    "Fusion",
    "Pendulum",
    "Effect"
  ]
}
