{
  "id": 17428,
  "type": "monster",
  "name": "Gunkan Suship Shari Red",
  "englishAttribute": "fire",
  "localizedAttribute": "FIRE",
  "effectText": "This card's name becomes \"Gunkan Suship Shari\" while in the hand, Deck, GY, or on the field. You can only use the following effect of \"Gunkan Suship Shari Red\" once per turn. You can reveal 1 other \"Gunkan Suship Shari\" in your hand; Special Summon this card from your hand, then you can apply this effect.\n●Special Summon 1 \"Gunkan\" monster from your Deck, except \"Gunkan Suship Shari\", but negate its effects (if any), then, Special Summon from your Extra Deck, 1 Xyz Monster that mentions that Special Summoned monster's name, using that monster and this card as material. (This is treated as an Xyz Summon.)",
  "level": 4,
  "atk": 0,
  "def": 2000,
  "properties": [
    "Aqua",
    "Effect"
  ]
}
