{
  "id": 17421,
  "type": "monster",
  "name": "Vernusylph of the Thawing Mountains",
  "englishAttribute": "earth",
  "localizedAttribute": "EARTH",
  "effectText": "You can discard this card, and 1 monster or \"Vernusylph\" card; draw 1 card, then you can Special Summon 1 EARTH monster from your GY, also you cannot activate non-EARTH monster effects for the rest of this turn. You can target 1 \"Vernusylph\" monster you control; it can make a second attack during each Battle Phase this turn. You can only use each effect of \"Vernusylph of the Thawing Mountains\" once per turn.",
  "level": 3,
  "atk": 1100,
  "def": 0,
  "properties": [
    "Fairy",
    "Effect"
  ]
}
