{
  "id": 17472,
  "type": "trap",
  "name": "Branded Expulsion",
  "englishAttribute": "trap",
  "localizedAttribute": "TRAP",
  "effectText": "Tribute 1 Fusion Monster, then target 2 non-Fusion Monsters that are banished and/or in either GY; Special Summon both monsters, 1 on each field. If you Tributed a Fusion Monster that mentions \"Fallen of Albaz\" as material to activate this card, you can Special Summon both monsters to your field instead, in Defense Position. You can only activate 1 \"Branded Expulsion\" per turn."
}
