{
  "id": 17613,
  "type": "monster",
  "name": "Amazoness Spiritualist",
  "englishAttribute": "earth",
  "localizedAttribute": "EARTH",
  "effectText": "If this card is in your hand or GY: You can target 1 \"Amazoness\" card you control, except \"Amazoness Spiritualist\"; return it to the hand, and if you do, Special Summon this card, also you cannot Special Summon monsters from the Extra Deck for the rest of this turn, except \"Amazoness\" monsters. If this card is Special Summoned: You can add 1 \"Polymerization\" from your Deck to your hand. You can only use each effect of \"Amazoness Spiritualist\" once per turn.",
  "level": 2,
  "atk": 800,
  "def": 1800,
  "properties": [
    "Warrior",
    "Effect"
  ]
}
