{
  "id": 17776,
  "type": "monster",
  "name": "Naturia Mole Cricket",
  "englishAttribute": "earth",
  "localizedAttribute": "EARTH",
  "effectText": "During the Main Phase (Quick Effect): You can Tribute this card; Special Summon 1 \"Naturia\" monster from your Deck, or you can Special Summon 2 \"Naturia\" monsters if your opponent controls a monster with the highest ATK on the field (even if it's tied). If your opponent Special Summons a monster(s) from the Extra Deck or you Special Summon a \"Naturia\" monster(s) from the Extra Deck, while this card is in your GY (except during the Damage Step): You can Special Summon this card. You can only use each effect of \"Naturia Mole Cricket\" once per turn.",
  "level": 1,
  "atk": 0,
  "def": 0,
  "properties": [
    "Insect",
    "Effect"
  ]
}
